접수년도,접수월,접수요일,동물종류,총건수,입양건수,입양률
2019,1,Friday,개,1163,365,31.38
2019,1,Friday,고양이,130,45,34.62
2019,1,Friday,기타,29,6,20.69
2019,1,Friday,기타축종,17,16,94.12
2019,1,Monday,개,1613,518,32.11
2019,1,Monday,고양이,170,70,41.18
2019,1,Monday,기타,50,26,52.0
2019,1,Monday,기타축종,11,8,72.73
2019,1,Saturday,개,463,162,34.99
2019,1,Saturday,고양이,60,24,40.0
2019,1,Saturday,기타,13,5,38.46
2019,1,Saturday,기타축종,7,5,71.43
2019,1,Sunday,개,374,137,36.63
2019,1,Sunday,고양이,57,29,50.88
2019,1,Sunday,기타,15,6,40.0
2019,1,Sunday,기타축종,11,11,100.0
2019,1,Thursday,개,1345,404,30.04
2019,1,Thursday,고양이,149,55,36.91
2019,1,Thursday,기타,32,4,12.5
2019,1,Thursday,기타축종,6,3,50.0
2019,1,Tuesday,개,1503,529,35.2
2019,1,Tuesday,고양이,158,74,46.84
2019,1,Tuesday,기타,29,10,34.48
2019,1,Tuesday,기타축종,11,7,63.64
2019,1,Wednesday,개,1540,509,33.05
2019,1,Wednesday,고양이,154,60,38.96
2019,1,Wednesday,기타,41,11,26.83
2019,1,Wednesday,기타축종,26,21,80.77
2019,2,Friday,개,1180,366,31.02
2019,2,Friday,고양이,129,43,33.33
2019,2,Friday,기타,39,15,38.46
2019,2,Friday,기타축종,5,3,60.0
2019,2,Monday,개,1462,480,32.83
2019,2,Monday,고양이,111,46,41.44
2019,2,Monday,기타,35,20,57.14
2019,2,Monday,기타축종,12,10,83.33
2019,2,Saturday,개,578,210,36.33
2019,2,Saturday,고양이,66,26,39.39
2019,2,Saturday,기타,20,5,25.0
2019,2,Saturday,기타축종,13,13,100.0
2019,2,Sunday,개,354,102,28.81
2019,2,Sunday,고양이,50,16,32.0
2019,2,Sunday,기타,17,7,41.18
2019,2,Sunday,기타축종,2,1,50.0
2019,2,Thursday,개,1272,398,31.29
2019,2,Thursday,고양이,139,47,33.81
2019,2,Thursday,기타,26,9,34.62
2019,2,Thursday,기타축종,30,27,90.0
2019,2,Tuesday,개,978,311,31.8
2019,2,Tuesday,고양이,127,59,46.46
2019,2,Tuesday,기타,23,9,39.13
2019,2,Tuesday,기타축종,15,10,66.67
2019,2,Wednesday,개,1053,327,31.05
2019,2,Wednesday,고양이,95,41,43.16
2019,2,Wednesday,기타,39,22,56.41
2019,2,Wednesday,기타축종,13,10,76.92
2019,3,Friday,개,1278,385,30.13
2019,3,Friday,고양이,169,81,47.93
2019,3,Friday,기타,48,12,25.0
2019,3,Friday,기타축종,16,11,68.75
2019,3,Monday,개,1656,547,33.03
2019,3,Monday,고양이,164,73,44.51
2019,3,Monday,기타,47,14,29.79
2019,3,Monday,기타축종,9,8,88.89
2019,3,Saturday,개,805,228,28.32
2019,3,Saturday,고양이,107,35,32.71
2019,3,Saturday,기타,32,6,18.75
2019,3,Saturday,기타축종,6,3,50.0
2019,3,Sunday,개,554,201,36.28
2019,3,Sunday,고양이,81,39,48.15
2019,3,Sunday,기타,20,12,60.0
2019,3,Sunday,기타축종,2,2,100.0
2019,3,Thursday,개,1212,350,28.88
2019,3,Thursday,고양이,150,53,35.33
2019,3,Thursday,기타,28,5,17.86
2019,3,Thursday,기타축종,12,11,91.67
2019,3,Tuesday,개,1383,419,30.3
2019,3,Tuesday,고양이,154,67,43.51
2019,3,Tuesday,기타,35,5,14.29
2019,3,Tuesday,기타축종,33,28,84.85
2019,3,Wednesday,개,1104,329,29.8
2019,3,Wednesday,고양이,122,65,53.28
2019,3,Wednesday,기타,37,12,32.43
2019,3,Wednesday,기타축종,14,10,71.43
2019,4,Friday,개,1231,369,29.98
2019,4,Friday,고양이,293,130,44.37
2019,4,Friday,기타,45,14,31.11
2019,4,Friday,기타축종,11,8,72.73
2019,4,Monday,개,2084,630,30.23
2019,4,Monday,고양이,522,218,41.76
2019,4,Monday,기타,58,23,39.66
2019,4,Monday,기타축종,27,17,62.96
2019,4,Saturday,개,574,187,32.58
2019,4,Saturday,고양이,186,69,37.1
2019,4,Saturday,기타,31,9,29.03
2019,4,Saturday,기타축종,27,22,81.48
2019,4,Sunday,개,415,128,30.84
2019,4,Sunday,고양이,118,41,34.75
2019,4,Sunday,기타,23,6,26.09
2019,4,Sunday,기타축종,13,11,84.62
2019,4,Thursday,개,1238,338,27.3
2019,4,Thursday,고양이,358,157,43.85
2019,4,Thursday,기타,55,11,20.0
2019,4,Thursday,기타축종,21,14,66.67
2019,4,Tuesday,개,1663,497,29.89
2019,4,Tuesday,고양이,504,231,45.83
2019,4,Tuesday,기타,69,24,34.78
2019,4,Tuesday,기타축종,19,18,94.74
2019,4,Wednesday,개,1173,367,31.29
2019,4,Wednesday,고양이,259,92,35.52
2019,4,Wednesday,기타,52,14,26.92
2019,4,Wednesday,기타축종,19,12,63.16
2019,5,Friday,개,1515,400,26.4
2019,5,Friday,고양이,683,224,32.8
2019,5,Friday,기타,90,26,28.89
2019,5,Friday,기타축종,24,12,50.0
2019,5,Monday,개,1230,392,31.87
2019,5,Monday,고양이,603,229,37.98
2019,5,Monday,기타,81,20,24.69
2019,5,Monday,기타축종,24,22,91.67
2019,5,Saturday,개,596,194,32.55
2019,5,Saturday,고양이,292,108,36.99
2019,5,Saturday,기타,22,10,45.45
2019,5,Saturday,기타축종,14,8,57.14
2019,5,Sunday,개,387,107,27.65
2019,5,Sunday,고양이,175,45,25.71
2019,5,Sunday,기타,16,2,12.5
2019,5,Sunday,기타축종,5,2,40.0
2019,5,Thursday,개,1494,447,29.92
2019,5,Thursday,고양이,707,271,38.33
2019,5,Thursday,기타,88,30,34.09
2019,5,Thursday,기타축종,26,16,61.54
2019,5,Tuesday,개,1303,399,30.62
2019,5,Tuesday,고양이,637,223,35.01
2019,5,Tuesday,기타,73,18,24.66
2019,5,Tuesday,기타축종,27,21,77.78
2019,5,Wednesday,개,1511,474,31.37
2019,5,Wednesday,고양이,635,212,33.39
2019,5,Wednesday,기타,82,16,19.51
2019,5,Wednesday,기타축종,24,18,75.0
2019,6,Friday,개,1205,334,27.72
2019,6,Friday,고양이,537,150,27.93
2019,6,Friday,기타,89,22,24.72
2019,6,Friday,기타축종,30,20,66.67
2019,6,Monday,개,1648,448,27.18
2019,6,Monday,고양이,790,235,29.75
2019,6,Monday,기타,109,19,17.43
2019,6,Monday,기타축종,55,32,58.18
2019,6,Saturday,개,694,226,32.56
2019,6,Saturday,고양이,458,135,29.48
2019,6,Saturday,기타,55,18,32.73
2019,6,Saturday,기타축종,8,5,62.5
2019,6,Sunday,개,576,197,34.2
2019,6,Sunday,고양이,259,58,22.39
2019,6,Sunday,기타,53,16,30.19
2019,6,Sunday,기타축종,8,3,37.5
2019,6,Thursday,개,1066,291,27.3
2019,6,Thursday,고양이,498,133,26.71
2019,6,Thursday,기타,78,29,37.18
2019,6,Thursday,기타축종,14,10,71.43
2019,6,Tuesday,개,1272,340,26.73
2019,6,Tuesday,고양이,629,197,31.32
2019,6,Tuesday,기타,62,8,12.9
2019,6,Tuesday,기타축종,23,11,47.83
2019,6,Wednesday,개,1139,330,28.97
2019,6,Wednesday,고양이,566,178,31.45
2019,6,Wednesday,기타,60,7,11.67
2019,6,Wednesday,기타축종,13,9,69.23
2019,7,Friday,개,1202,311,25.87
2019,7,Friday,고양이,520,140,26.92
2019,7,Friday,기타,79,12,15.19
2019,7,Friday,기타축종,20,11,55.0
2019,7,Monday,개,2460,636,25.85
2019,7,Monday,고양이,901,229,25.42
2019,7,Monday,기타,128,27,21.09
2019,7,Monday,기타축종,43,30,69.77
2019,7,Saturday,개,623,192,30.82
2019,7,Saturday,고양이,321,80,24.92
2019,7,Saturday,기타,40,11,27.5
2019,7,Saturday,기타축종,12,6,50.0
2019,7,Sunday,개,529,153,28.92
2019,7,Sunday,고양이,217,47,21.66
2019,7,Sunday,기타,51,14,27.45
2019,7,Sunday,기타축종,9,8,88.89
2019,7,Thursday,개,1358,383,28.2
2019,7,Thursday,고양이,561,148,26.38
2019,7,Thursday,기타,58,11,18.97
2019,7,Thursday,기타축종,18,10,55.56
2019,7,Tuesday,개,1986,594,29.91
2019,7,Tuesday,고양이,821,211,25.7
2019,7,Tuesday,기타,87,17,19.54
2019,7,Tuesday,기타축종,48,34,70.83
2019,7,Wednesday,개,1679,437,26.03
2019,7,Wednesday,고양이,624,160,25.64
2019,7,Wednesday,기타,90,19,21.11
2019,7,Wednesday,기타축종,30,22,73.33
2019,8,Friday,개,1849,468,25.31
2019,8,Friday,고양이,613,199,32.46
2019,8,Friday,기타,89,14,15.73
2019,8,Friday,기타축종,28,21,75.0
2019,8,Monday,개,1821,484,26.58
2019,8,Monday,고양이,473,153,32.35
2019,8,Monday,기타,76,16,21.05
2019,8,Monday,기타축종,21,11,52.38
2019,8,Saturday,개,930,239,25.7
2019,8,Saturday,고양이,330,95,28.79
2019,8,Saturday,기타,58,16,27.59
2019,8,Saturday,기타축종,14,6,42.86
2019,8,Sunday,개,466,126,27.04
2019,8,Sunday,고양이,165,54,32.73
2019,8,Sunday,기타,26,9,34.62
2019,8,Sunday,기타축종,7,6,85.71
2019,8,Thursday,개,1606,404,25.16
2019,8,Thursday,고양이,432,135,31.25
2019,8,Thursday,기타,81,20,24.69
2019,8,Thursday,기타축종,25,20,80.0
2019,8,Tuesday,개,1443,394,27.3
2019,8,Tuesday,고양이,433,143,33.03
2019,8,Tuesday,기타,87,20,22.99
2019,8,Tuesday,기타축종,16,12,75.0
2019,8,Wednesday,개,1474,400,27.14
2019,8,Wednesday,고양이,411,127,30.9
2019,8,Wednesday,기타,33,9,27.27
2019,8,Wednesday,기타축종,25,15,60.0
2019,9,Friday,개,1185,309,26.08
2019,9,Friday,고양이,417,117,28.06
2019,9,Friday,기타,52,12,23.08
2019,9,Friday,기타축종,9,5,55.56
2019,9,Monday,개,2449,652,26.62
2019,9,Monday,고양이,829,276,33.29
2019,9,Monday,기타,108,39,36.11
2019,9,Monday,기타축종,29,20,68.97
2019,9,Saturday,개,575,151,26.26
2019,9,Saturday,고양이,269,95,35.32
2019,9,Saturday,기타,43,5,11.63
2019,9,Saturday,기타축종,9,5,55.56
2019,9,Sunday,개,574,168,29.27
2019,9,Sunday,고양이,200,49,24.5
2019,9,Sunday,기타,26,6,23.08
2019,9,Sunday,기타축종,9,6,66.67
2019,9,Thursday,개,1282,328,25.59
2019,9,Thursday,고양이,441,128,29.02
2019,9,Thursday,기타,37,7,18.92
2019,9,Thursday,기타축종,14,9,64.29
2019,9,Tuesday,개,1515,382,25.21
2019,9,Tuesday,고양이,553,198,35.8
2019,9,Tuesday,기타,66,19,28.79
2019,9,Tuesday,기타축종,18,11,61.11
2019,9,Wednesday,개,1590,384,24.15
2019,9,Wednesday,고양이,454,124,27.31
2019,9,Wednesday,기타,63,22,34.92
2019,9,Wednesday,기타축종,50,28,56.0
2019,10,Friday,개,1326,346,26.09
2019,10,Friday,고양이,508,177,34.84
2019,10,Friday,기타,73,15,20.55
2019,10,Friday,기타축종,20,16,80.0
2019,10,Monday,개,1759,500,28.43
2019,10,Monday,고양이,536,168,31.34
2019,10,Monday,기타,90,30,33.33
2019,10,Monday,기타축종,34,27,79.41
2019,10,Saturday,개,651,190,29.19
2019,10,Saturday,고양이,310,95,30.65
2019,10,Saturday,기타,38,10,26.32
2019,10,Saturday,기타축종,10,8,80.0
2019,10,Sunday,개,432,101,23.38
2019,10,Sunday,고양이,204,39,19.12
2019,10,Sunday,기타,17,6,35.29
2019,10,Sunday,기타축종,5,4,80.0
2019,10,Thursday,개,1428,417,29.2
2019,10,Thursday,고양이,569,190,33.39
2019,10,Thursday,기타,95,30,31.58
2019,10,Thursday,기타축종,27,19,70.37
2019,10,Tuesday,개,1803,469,26.01
2019,10,Tuesday,고양이,687,224,32.61
2019,10,Tuesday,기타,94,17,18.09
2019,10,Tuesday,기타축종,19,12,63.16
2019,10,Wednesday,개,1314,375,28.54
2019,10,Wednesday,고양이,532,154,28.95
2019,10,Wednesday,기타,72,21,29.17
2019,10,Wednesday,기타축종,11,10,90.91
2019,11,Friday,개,1335,362,27.12
2019,11,Friday,고양이,361,146,40.44
2019,11,Friday,기타,76,15,19.74
2019,11,Friday,기타축종,13,11,84.62
2019,11,Monday,개,1524,454,29.79
2019,11,Monday,고양이,378,172,45.5
2019,11,Monday,기타,75,11,14.67
2019,11,Monday,기타축종,22,15,68.18
2019,11,Saturday,개,650,171,26.31
2019,11,Saturday,고양이,228,79,34.65
2019,11,Saturday,기타,32,6,18.75
2019,11,Saturday,기타축종,6,4,66.67
2019,11,Sunday,개,384,120,31.25
2019,11,Sunday,고양이,100,34,34.0
2019,11,Sunday,기타,15,4,26.67
2019,11,Sunday,기타축종,7,6,85.71
2019,11,Thursday,개,1030,310,30.1
2019,11,Thursday,고양이,269,86,31.97
2019,11,Thursday,기타,63,11,17.46
2019,11,Thursday,기타축종,15,8,53.33
2019,11,Tuesday,개,1254,352,28.07
2019,11,Tuesday,고양이,326,129,39.57
2019,11,Tuesday,기타,62,13,20.97
2019,11,Tuesday,기타축종,10,9,90.0
2019,11,Wednesday,개,1204,338,28.07
2019,11,Wednesday,고양이,310,133,42.9
2019,11,Wednesday,기타,43,7,16.28
2019,11,Wednesday,기타축종,19,14,73.68
2019,12,Friday,개,994,242,24.35
2019,12,Friday,고양이,149,50,33.56
2019,12,Friday,기타,59,10,16.95
2019,12,Friday,기타축종,3,3,100.0
2019,12,Monday,개,1712,528,30.84
2019,12,Monday,고양이,225,94,41.78
2019,12,Monday,기타,69,16,23.19
2019,12,Monday,기타축종,33,28,84.85
2019,12,Saturday,개,582,207,35.57
2019,12,Saturday,고양이,92,38,41.3
2019,12,Saturday,기타,12,3,25.0
2019,12,Saturday,기타축종,4,2,50.0
2019,12,Sunday,개,450,152,33.78
2019,12,Sunday,고양이,58,16,27.59
2019,12,Sunday,기타,17,6,35.29
2019,12,Sunday,기타축종,4,4,100.0
2019,12,Thursday,개,1109,313,28.22
2019,12,Thursday,고양이,170,61,35.88
2019,12,Thursday,기타,41,10,24.39
2019,12,Thursday,기타축종,11,7,63.64
2019,12,Tuesday,개,1527,443,29.01
2019,12,Tuesday,고양이,229,79,34.5
2019,12,Tuesday,기타,51,10,19.61
2019,12,Tuesday,기타축종,15,7,46.67
2019,12,Wednesday,개,947,269,28.41
2019,12,Wednesday,고양이,147,58,39.46
2019,12,Wednesday,기타,29,6,20.69
2019,12,Wednesday,기타축종,18,14,77.78
2020,1,Friday,개,1430,448,31.33
2020,1,Friday,고양이,135,51,37.78
2020,1,Friday,기타,57,11,19.3
2020,1,Friday,기타축종,9,8,88.89
2020,1,Monday,개,1318,392,29.74
2020,1,Monday,고양이,135,56,41.48
2020,1,Monday,기타,55,17,30.91
2020,1,Monday,기타축종,21,21,100.0
2020,1,Saturday,개,604,213,35.26
2020,1,Saturday,고양이,95,42,44.21
2020,1,Saturday,기타,23,4,17.39
2020,1,Saturday,기타축종,2,2,100.0
2020,1,Sunday,개,423,117,27.66
2020,1,Sunday,고양이,52,14,26.92
2020,1,Sunday,기타,20,4,20.0
2020,1,Sunday,기타축종,27,17,62.96
2020,1,Thursday,개,1734,515,29.7
2020,1,Thursday,고양이,184,55,29.89
2020,1,Thursday,기타,49,17,34.69
2020,1,Thursday,기타축종,18,16,88.89
2020,1,Tuesday,개,1350,394,29.19
2020,1,Tuesday,고양이,140,51,36.43
2020,1,Tuesday,기타,47,4,8.51
2020,1,Tuesday,기타축종,12,9,75.0
2020,1,Wednesday,개,1661,473,28.48
2020,1,Wednesday,고양이,185,75,40.54
2020,1,Wednesday,기타,53,11,20.75
2020,1,Wednesday,기타축종,22,20,90.91
2020,2,Friday,개,1305,412,31.57
2020,2,Friday,고양이,117,49,41.88
2020,2,Friday,기타,31,11,35.48
2020,2,Friday,기타축종,15,10,66.67
2020,2,Monday,개,1624,482,29.68
2020,2,Monday,고양이,151,68,45.03
2020,2,Monday,기타,54,9,16.67
2020,2,Monday,기타축종,18,13,72.22
2020,2,Saturday,개,867,279,32.18
2020,2,Saturday,고양이,83,36,43.37
2020,2,Saturday,기타,25,11,44.0
2020,2,Saturday,기타축종,9,7,77.78
2020,2,Sunday,개,390,137,35.13
2020,2,Sunday,고양이,30,10,33.33
2020,2,Sunday,기타,24,14,58.33
2020,2,Sunday,기타축종,2,2,100.0
2020,2,Thursday,개,1301,364,27.98
2020,2,Thursday,고양이,142,60,42.25
2020,2,Thursday,기타,29,10,34.48
2020,2,Thursday,기타축종,11,9,81.82
2020,2,Tuesday,개,1255,411,32.75
2020,2,Tuesday,고양이,124,51,41.13
2020,2,Tuesday,기타,37,12,32.43
2020,2,Tuesday,기타축종,10,7,70.0
2020,2,Wednesday,개,1225,402,32.82
2020,2,Wednesday,고양이,117,48,41.03
2020,2,Wednesday,기타,29,9,31.03
2020,2,Wednesday,기타축종,11,10,90.91
2020,3,Friday,개,1230,388,31.54
2020,3,Friday,고양이,153,64,41.83
2020,3,Friday,기타,34,15,44.12
2020,3,Friday,기타축종,12,9,75.0
2020,3,Monday,개,2112,643,30.45
2020,3,Monday,고양이,186,81,43.55
2020,3,Monday,기타,66,25,37.88
2020,3,Monday,기타축종,24,17,70.83
2020,3,Saturday,개,707,247,34.94
2020,3,Saturday,고양이,95,36,37.89
2020,3,Saturday,기타,28,9,32.14
2020,3,Saturday,기타축종,8,8,100.0
2020,3,Sunday,개,578,223,38.58
2020,3,Sunday,고양이,73,39,53.42
2020,3,Sunday,기타,22,8,36.36
2020,3,Sunday,기타축종,4,4,100.0
2020,3,Thursday,개,1063,338,31.8
2020,3,Thursday,고양이,132,75,56.82
2020,3,Thursday,기타,39,18,46.15
2020,3,Thursday,기타축종,11,7,63.64
2020,3,Tuesday,개,1713,567,33.1
2020,3,Tuesday,고양이,217,80,36.87
2020,3,Tuesday,기타,56,12,21.43
2020,3,Tuesday,기타축종,28,19,67.86
2020,3,Wednesday,개,1263,457,36.18
2020,3,Wednesday,고양이,137,55,40.15
2020,3,Wednesday,기타,44,14,31.82
2020,3,Wednesday,기타축종,16,11,68.75
2020,4,Friday,개,1051,351,33.4
2020,4,Friday,고양이,295,155,52.54
2020,4,Friday,기타,41,12,29.27
2020,4,Friday,기타축종,16,13,81.25
2020,4,Monday,개,1393,454,32.59
2020,4,Monday,고양이,361,196,54.29
2020,4,Monday,기타,56,15,26.79
2020,4,Monday,기타축종,15,11,73.33
2020,4,Saturday,개,693,256,36.94
2020,4,Saturday,고양이,185,88,47.57
2020,4,Saturday,기타,38,24,63.16
2020,4,Saturday,기타축종,15,12,80.0
2020,4,Sunday,개,375,100,26.67
2020,4,Sunday,고양이,118,62,52.54
2020,4,Sunday,기타,24,14,58.33
2020,4,Sunday,기타축종,9,7,77.78
2020,4,Thursday,개,1366,485,35.51
2020,4,Thursday,고양이,353,173,49.01
2020,4,Thursday,기타,79,35,44.3
2020,4,Thursday,기타축종,22,15,68.18
2020,4,Tuesday,개,1279,410,32.06
2020,4,Tuesday,고양이,330,148,44.85
2020,4,Tuesday,기타,52,28,53.85
2020,4,Tuesday,기타축종,32,27,84.38
2020,4,Wednesday,개,1329,434,32.66
2020,4,Wednesday,고양이,336,176,52.38
2020,4,Wednesday,기타,62,30,48.39
2020,4,Wednesday,기타축종,36,31,86.11
2020,5,Friday,개,1324,485,36.63
2020,5,Friday,고양이,753,303,40.24
2020,5,Friday,기타,97,32,32.99
2020,5,Friday,기타축종,34,17,50.0
2020,5,Monday,개,1646,558,33.9
2020,5,Monday,고양이,807,343,42.5
2020,5,Monday,기타,114,50,43.86
2020,5,Monday,기타축종,20,17,85.0
2020,5,Saturday,개,744,258,34.68
2020,5,Saturday,고양이,425,168,39.53
2020,5,Saturday,기타,43,23,53.49
2020,5,Saturday,기타축종,19,14,73.68
2020,5,Sunday,개,516,175,33.91
2020,5,Sunday,고양이,234,92,39.32
2020,5,Sunday,기타,38,18,47.37
2020,5,Sunday,기타축종,11,10,90.91
2020,5,Thursday,개,1176,428,36.39
2020,5,Thursday,고양이,656,254,38.72
2020,5,Thursday,기타,63,25,39.68
2020,5,Thursday,기타축종,24,19,79.17
2020,5,Tuesday,개,1068,373,34.93
2020,5,Tuesday,고양이,589,250,42.44
2020,5,Tuesday,기타,60,25,41.67
2020,5,Tuesday,기타축종,24,23,95.83
2020,5,Wednesday,개,1285,430,33.46
2020,5,Wednesday,고양이,678,323,47.64
2020,5,Wednesday,기타,101,39,38.61
2020,5,Wednesday,기타축종,23,16,69.57
2020,6,Friday,개,1093,309,28.27
2020,6,Friday,고양이,670,221,32.99
2020,6,Friday,기타,80,14,17.5
2020,6,Friday,기타축종,30,22,73.33
2020,6,Monday,개,1684,541,32.13
2020,6,Monday,고양이,1005,309,30.75
2020,6,Monday,기타,117,19,16.24
2020,6,Monday,기타축종,36,28,77.78
2020,6,Saturday,개,638,212,33.23
2020,6,Saturday,고양이,414,124,29.95
2020,6,Saturday,기타,57,15,26.32
2020,6,Saturday,기타축종,15,12,80.0
2020,6,Sunday,개,396,132,33.33
2020,6,Sunday,고양이,222,55,24.77
2020,6,Sunday,기타,43,16,37.21
2020,6,Sunday,기타축종,12,10,83.33
2020,6,Thursday,개,1083,360,33.24
2020,6,Thursday,고양이,641,176,27.46
2020,6,Thursday,기타,74,22,29.73
2020,6,Thursday,기타축종,29,20,68.97
2020,6,Tuesday,개,1562,502,32.14
2020,6,Tuesday,고양이,817,255,31.21
2020,6,Tuesday,기타,103,37,35.92
2020,6,Tuesday,기타축종,24,16,66.67
2020,6,Wednesday,개,1021,350,34.28
2020,6,Wednesday,고양이,669,211,31.54
2020,6,Wednesday,기타,87,16,18.39
2020,6,Wednesday,기타축종,30,14,46.67
2020,7,Friday,개,1476,428,29.0
2020,7,Friday,고양이,778,202,25.96
2020,7,Friday,기타,91,18,19.78
2020,7,Friday,기타축종,33,25,75.76
2020,7,Monday,개,1566,472,30.14
2020,7,Monday,고양이,738,196,26.56
2020,7,Monday,기타,99,24,24.24
2020,7,Monday,기타축종,28,20,71.43
2020,7,Saturday,개,631,206,32.65
2020,7,Saturday,고양이,366,112,30.6
2020,7,Saturday,기타,31,7,22.58
2020,7,Saturday,기타축종,18,12,66.67
2020,7,Sunday,개,418,127,30.38
2020,7,Sunday,고양이,228,47,20.61
2020,7,Sunday,기타,28,3,10.71
2020,7,Sunday,기타축종,41,36,87.8
2020,7,Thursday,개,1592,500,31.41
2020,7,Thursday,고양이,807,215,26.64
2020,7,Thursday,기타,107,15,14.02
2020,7,Thursday,기타축종,51,43,84.31
2020,7,Tuesday,개,1352,434,32.1
2020,7,Tuesday,고양이,623,162,26.0
2020,7,Tuesday,기타,85,14,16.47
2020,7,Tuesday,기타축종,28,20,71.43
2020,7,Wednesday,개,1609,465,28.9
2020,7,Wednesday,고양이,754,206,27.32
2020,7,Wednesday,기타,76,16,21.05
2020,7,Wednesday,기타축종,18,14,77.78
2020,8,Friday,개,1318,423,32.09
2020,8,Friday,고양이,446,147,32.96
2020,8,Friday,기타,49,11,22.45
2020,8,Friday,기타축종,23,14,60.87
2020,8,Monday,개,1823,602,33.02
2020,8,Monday,고양이,608,213,35.03
2020,8,Monday,기타,66,11,16.67
2020,8,Monday,기타축종,34,26,76.47
2020,8,Saturday,개,821,244,29.72
2020,8,Saturday,고양이,359,120,33.43
2020,8,Saturday,기타,41,13,31.71
2020,8,Saturday,기타축종,14,7,50.0
2020,8,Sunday,개,572,177,30.94
2020,8,Sunday,고양이,199,61,30.65
2020,8,Sunday,기타,19,4,21.05
2020,8,Sunday,기타축종,5,2,40.0
2020,8,Thursday,개,1269,390,30.73
2020,8,Thursday,고양이,568,190,33.45
2020,8,Thursday,기타,43,11,25.58
2020,8,Thursday,기타축종,25,20,80.0
2020,8,Tuesday,개,1340,407,30.37
2020,8,Tuesday,고양이,571,210,36.78
2020,8,Tuesday,기타,66,14,21.21
2020,8,Tuesday,기타축종,21,16,76.19
2020,8,Wednesday,개,1385,438,31.62
2020,8,Wednesday,고양이,468,134,28.63
2020,8,Wednesday,기타,45,11,24.44
2020,8,Wednesday,기타축종,12,8,66.67
2020,9,Friday,개,1116,337,30.2
2020,9,Friday,고양이,474,180,37.97
2020,9,Friday,기타,31,12,38.71
2020,9,Friday,기타축종,29,21,72.41
2020,9,Monday,개,1481,456,30.79
2020,9,Monday,고양이,585,199,34.02
2020,9,Monday,기타,44,15,34.09
2020,9,Monday,기타축종,42,32,76.19
2020,9,Saturday,개,555,217,39.1
2020,9,Saturday,고양이,310,85,27.42
2020,9,Saturday,기타,23,9,39.13
2020,9,Saturday,기타축종,5,5,100.0
2020,9,Sunday,개,410,129,31.46
2020,9,Sunday,고양이,197,51,25.89
2020,9,Sunday,기타,10,3,30.0
2020,9,Sunday,기타축종,6,4,66.67
2020,9,Thursday,개,1185,391,33.0
2020,9,Thursday,고양이,499,147,29.46
2020,9,Thursday,기타,29,7,24.14
2020,9,Thursday,기타축종,22,19,86.36
2020,9,Tuesday,개,1620,547,33.77
2020,9,Tuesday,고양이,758,266,35.09
2020,9,Tuesday,기타,44,8,18.18
2020,9,Tuesday,기타축종,22,15,68.18
2020,9,Wednesday,개,1315,412,31.33
2020,9,Wednesday,고양이,592,217,36.66
2020,9,Wednesday,기타,40,17,42.5
2020,9,Wednesday,기타축종,19,16,84.21
2020,10,Friday,개,1004,323,32.17
2020,10,Friday,고양이,462,167,36.15
2020,10,Friday,기타,28,10,35.71
2020,10,Friday,기타축종,14,11,78.57
2020,10,Monday,개,1519,478,31.47
2020,10,Monday,고양이,595,246,41.34
2020,10,Monday,기타,70,33,47.14
2020,10,Monday,기타축종,32,22,68.75
2020,10,Saturday,개,678,226,33.33
2020,10,Saturday,고양이,355,138,38.87
2020,10,Saturday,기타,24,11,45.83
2020,10,Saturday,기타축종,7,4,57.14
2020,10,Sunday,개,372,107,28.76
2020,10,Sunday,고양이,170,43,25.29
2020,10,Sunday,기타,20,7,35.0
2020,10,Sunday,기타축종,23,13,56.52
2020,10,Thursday,개,1160,361,31.12
2020,10,Thursday,고양이,522,189,36.21
2020,10,Thursday,기타,37,8,21.62
2020,10,Thursday,기타축종,9,7,77.78
2020,10,Tuesday,개,1290,415,32.17
2020,10,Tuesday,고양이,581,213,36.66
2020,10,Tuesday,기타,30,9,30.0
2020,10,Tuesday,기타축종,22,10,45.45
2020,10,Wednesday,개,1014,340,33.53
2020,10,Wednesday,고양이,504,187,37.1
2020,10,Wednesday,기타,32,13,40.62
2020,10,Wednesday,기타축종,15,10,66.67
2020,11,Friday,개,923,336,36.4
2020,11,Friday,고양이,256,98,38.28
2020,11,Friday,기타,34,5,14.71
2020,11,Friday,기타축종,19,15,78.95
2020,11,Monday,개,1690,553,32.72
2020,11,Monday,고양이,491,202,41.14
2020,11,Monday,기타,36,8,22.22
2020,11,Monday,기타축종,17,12,70.59
2020,11,Saturday,개,548,178,32.48
2020,11,Saturday,고양이,231,102,44.16
2020,11,Saturday,기타,21,9,42.86
2020,11,Saturday,기타축종,9,5,55.56
2020,11,Sunday,개,382,138,36.13
2020,11,Sunday,고양이,115,41,35.65
2020,11,Sunday,기타,14,10,71.43
2020,11,Sunday,기타축종,4,3,75.0
2020,11,Thursday,개,941,303,32.2
2020,11,Thursday,고양이,301,116,38.54
2020,11,Thursday,기타,34,18,52.94
2020,11,Thursday,기타축종,14,12,85.71
2020,11,Tuesday,개,1136,398,35.04
2020,11,Tuesday,고양이,353,149,42.21
2020,11,Tuesday,기타,49,20,40.82
2020,11,Tuesday,기타축종,22,18,81.82
2020,11,Wednesday,개,970,311,32.06
2020,11,Wednesday,고양이,298,120,40.27
2020,11,Wednesday,기타,22,10,45.45
2020,11,Wednesday,기타축종,5,3,60.0
2020,12,Friday,개,814,281,34.52
2020,12,Friday,고양이,151,53,35.1
2020,12,Friday,기타,29,5,17.24
2020,12,Friday,기타축종,8,7,87.5
2020,12,Monday,개,1291,483,37.41
2020,12,Monday,고양이,194,76,39.18
2020,12,Monday,기타,27,4,14.81
2020,12,Monday,기타축종,16,13,81.25
2020,12,Saturday,개,471,174,36.94
2020,12,Saturday,고양이,102,45,44.12
2020,12,Saturday,기타,8,1,12.5
2020,12,Saturday,기타축종,3,3,100.0
2020,12,Sunday,개,426,216,50.7
2020,12,Sunday,고양이,36,16,44.44
2020,12,Sunday,기타,8,1,12.5
2020,12,Sunday,기타축종,5,4,80.0
2020,12,Thursday,개,1013,355,35.04
2020,12,Thursday,고양이,237,107,45.15
2020,12,Thursday,기타,21,9,42.86
2020,12,Thursday,기타축종,9,8,88.89
2020,12,Tuesday,개,1242,510,41.06
2020,12,Tuesday,고양이,219,95,43.38
2020,12,Tuesday,기타,23,10,43.48
2020,12,Tuesday,기타축종,18,13,72.22
2020,12,Wednesday,개,1096,430,39.23
2020,12,Wednesday,고양이,213,90,42.25
2020,12,Wednesday,기타,24,10,41.67
2020,12,Wednesday,기타축종,11,8,72.73
2021,1,Friday,개,1079,400,37.07
2021,1,Friday,고양이,146,56,38.36
2021,1,Friday,기타,21,16,76.19
2021,1,Friday,기타축종,7,4,57.14
2021,1,Monday,개,1331,552,41.47
2021,1,Monday,고양이,147,77,52.38
2021,1,Monday,기타,38,10,26.32
2021,1,Monday,기타축종,11,10,90.91
2021,1,Saturday,개,620,219,35.32
2021,1,Saturday,고양이,101,32,31.68
2021,1,Saturday,기타,17,6,35.29
2021,1,Saturday,기타축종,19,17,89.47
2021,1,Sunday,개,528,210,39.77
2021,1,Sunday,고양이,52,19,36.54
2021,1,Sunday,기타,8,2,25.0
2021,1,Sunday,기타축종,4,2,50.0
2021,1,Thursday,개,939,358,38.13
2021,1,Thursday,고양이,126,54,42.86
2021,1,Thursday,기타,14,4,28.57
2021,1,Thursday,기타축종,4,2,50.0
2021,1,Tuesday,개,1145,471,41.14
2021,1,Tuesday,고양이,100,42,42.0
2021,1,Tuesday,기타,18,8,44.44
2021,1,Tuesday,기타축종,14,12,85.71
2021,1,Wednesday,개,1061,422,39.77
2021,1,Wednesday,고양이,124,52,41.94
2021,1,Wednesday,기타,38,11,28.95
2021,1,Wednesday,기타축종,12,12,100.0
2021,2,Friday,개,834,337,40.41
2021,2,Friday,고양이,102,32,31.37
2021,2,Friday,기타,15,3,20.0
2021,2,Friday,기타축종,6,4,66.67
2021,2,Monday,개,1482,554,37.38
2021,2,Monday,고양이,125,51,40.8
2021,2,Monday,기타,29,13,44.83
2021,2,Monday,기타축종,12,8,66.67
2021,2,Saturday,개,603,233,38.64
2021,2,Saturday,고양이,74,28,37.84
2021,2,Saturday,기타,16,7,43.75
2021,2,Saturday,기타축종,8,5,62.5
2021,2,Sunday,개,337,123,36.5
2021,2,Sunday,고양이,40,14,35.0
2021,2,Sunday,기타,12,1,8.33
2021,2,Sunday,기타축종,6,3,50.0
2021,2,Thursday,개,795,293,36.86
2021,2,Thursday,고양이,72,15,20.83
2021,2,Thursday,기타,17,7,41.18
2021,2,Thursday,기타축종,14,9,64.29
2021,2,Tuesday,개,1169,452,38.67
2021,2,Tuesday,고양이,131,59,45.04
2021,2,Tuesday,기타,19,10,52.63
2021,2,Tuesday,기타축종,14,10,71.43
2021,2,Wednesday,개,1057,419,39.64
2021,2,Wednesday,고양이,105,35,33.33
2021,2,Wednesday,기타,20,8,40.0
2021,2,Wednesday,기타축종,8,6,75.0
2021,3,Friday,개,1214,479,39.46
2021,3,Friday,고양이,138,49,35.51
2021,3,Friday,기타,21,4,19.05
2021,3,Friday,기타축종,17,14,82.35
2021,3,Monday,개,1619,602,37.18
2021,3,Monday,고양이,170,83,48.82
2021,3,Monday,기타,51,16,31.37
2021,3,Monday,기타축종,14,9,64.29
2021,3,Saturday,개,544,204,37.5
2021,3,Saturday,고양이,72,25,34.72
2021,3,Saturday,기타,18,5,27.78
2021,3,Saturday,기타축종,8,7,87.5
2021,3,Sunday,개,397,146,36.78
2021,3,Sunday,고양이,38,16,42.11
2021,3,Sunday,기타,9,2,22.22
2021,3,Sunday,기타축종,10,9,90.0
2021,3,Thursday,개,1058,406,38.37
2021,3,Thursday,고양이,146,73,50.0
2021,3,Thursday,기타,26,14,53.85
2021,3,Thursday,기타축종,18,16,88.89
2021,3,Tuesday,개,1484,588,39.62
2021,3,Tuesday,고양이,233,117,50.21
2021,3,Tuesday,기타,31,11,35.48
2021,3,Tuesday,기타축종,25,18,72.0
2021,3,Wednesday,개,1307,482,36.88
2021,3,Wednesday,고양이,196,72,36.73
2021,3,Wednesday,기타,13,6,46.15
2021,3,Wednesday,기타축종,19,19,100.0
2021,4,Friday,개,1319,479,36.32
2021,4,Friday,고양이,447,196,43.85
2021,4,Friday,기타,30,5,16.67
2021,4,Friday,기타축종,23,18,78.26
2021,4,Monday,개,1272,539,42.37
2021,4,Monday,고양이,450,241,53.56
2021,4,Monday,기타,39,20,51.28
2021,4,Monday,기타축종,23,15,65.22
2021,4,Saturday,개,490,153,31.22
2021,4,Saturday,고양이,236,89,37.71
2021,4,Saturday,기타,11,3,27.27
2021,4,Saturday,기타축종,8,8,100.0
2021,4,Sunday,개,320,125,39.06
2021,4,Sunday,고양이,128,55,42.97
2021,4,Sunday,기타,6,2,33.33
2021,4,Sunday,기타축종,3,3,100.0
2021,4,Thursday,개,1262,507,40.17
2021,4,Thursday,고양이,428,200,46.73
2021,4,Thursday,기타,35,12,34.29
2021,4,Thursday,기타축종,18,15,83.33
2021,4,Tuesday,개,1063,407,38.29
2021,4,Tuesday,고양이,375,155,41.33
2021,4,Tuesday,기타,27,15,55.56
2021,4,Tuesday,기타축종,10,9,90.0
2021,4,Wednesday,개,945,348,36.83
2021,4,Wednesday,고양이,368,174,47.28
2021,4,Wednesday,기타,23,8,34.78
2021,4,Wednesday,기타축종,13,9,69.23
2021,5,Friday,개,920,378,41.09
2021,5,Friday,고양이,662,234,35.35
2021,5,Friday,기타,26,9,34.62
2021,5,Friday,기타축종,19,15,78.95
2021,5,Monday,개,1648,591,35.86
2021,5,Monday,고양이,1134,546,48.15
2021,5,Monday,기타,50,15,30.0
2021,5,Monday,기타축종,29,19,65.52
2021,5,Saturday,개,565,224,39.65
2021,5,Saturday,고양이,441,162,36.73
2021,5,Saturday,기타,11,3,27.27
2021,5,Saturday,기타축종,13,10,76.92
2021,5,Sunday,개,434,146,33.64
2021,5,Sunday,고양이,275,91,33.09
2021,5,Sunday,기타,15,2,13.33
2021,5,Sunday,기타축종,6,2,33.33
2021,5,Thursday,개,1031,356,34.53
2021,5,Thursday,고양이,661,287,43.42
2021,5,Thursday,기타,34,9,26.47
2021,5,Thursday,기타축종,22,10,45.45
2021,5,Tuesday,개,1057,448,42.38
2021,5,Tuesday,고양이,650,282,43.38
2021,5,Tuesday,기타,63,22,34.92
2021,5,Tuesday,기타축종,15,11,73.33
2021,5,Wednesday,개,773,299,38.68
2021,5,Wednesday,고양이,556,206,37.05
2021,5,Wednesday,기타,24,8,33.33
2021,5,Wednesday,기타축종,14,8,57.14
2021,6,Friday,개,950,317,33.37
2021,6,Friday,고양이,677,219,32.35
2021,6,Friday,기타,36,12,33.33
2021,6,Friday,기타축종,22,12,54.55
2021,6,Monday,개,1418,481,33.92
2021,6,Monday,고양이,900,282,31.33
2021,6,Monday,기타,53,10,18.87
2021,6,Monday,기타축종,30,19,63.33
2021,6,Saturday,개,506,180,35.57
2021,6,Saturday,고양이,404,143,35.4
2021,6,Saturday,기타,24,5,20.83
2021,6,Saturday,기타축종,5,2,40.0
2021,6,Sunday,개,365,150,41.1
2021,6,Sunday,고양이,165,32,19.39
2021,6,Sunday,기타,18,4,22.22
2021,6,Sunday,기타축종,17,12,70.59
2021,6,Thursday,개,980,335,34.18
2021,6,Thursday,고양이,729,233,31.96
2021,6,Thursday,기타,27,3,11.11
2021,6,Thursday,기타축종,25,17,68.0
2021,6,Tuesday,개,1298,508,39.14
2021,6,Tuesday,고양이,899,280,31.15
2021,6,Tuesday,기타,38,8,21.05
2021,6,Tuesday,기타축종,44,25,56.82
2021,6,Wednesday,개,1299,458,35.26
2021,6,Wednesday,고양이,824,272,33.01
2021,6,Wednesday,기타,34,13,38.24
2021,6,Wednesday,기타축종,23,16,69.57
2021,7,Friday,개,1261,449,35.61
2021,7,Friday,고양이,634,195,30.76
2021,7,Friday,기타,30,11,36.67
2021,7,Friday,기타축종,19,8,42.11
2021,7,Monday,개,1442,487,33.77
2021,7,Monday,고양이,666,217,32.58
2021,7,Monday,기타,52,15,28.85
2021,7,Monday,기타축종,39,30,76.92
2021,7,Saturday,개,636,238,37.42
2021,7,Saturday,고양이,340,112,32.94
2021,7,Saturday,기타,18,5,27.78
2021,7,Saturday,기타축종,9,7,77.78
2021,7,Sunday,개,435,140,32.18
2021,7,Sunday,고양이,183,43,23.5
2021,7,Sunday,기타,9,1,11.11
2021,7,Sunday,기타축종,15,14,93.33
2021,7,Thursday,개,1417,477,33.66
2021,7,Thursday,고양이,617,212,34.36
2021,7,Thursday,기타,27,9,33.33
2021,7,Thursday,기타축종,25,11,44.0
2021,7,Tuesday,개,1249,458,36.67
2021,7,Tuesday,고양이,511,138,27.01
2021,7,Tuesday,기타,38,12,31.58
2021,7,Tuesday,기타축종,14,8,57.14
2021,7,Wednesday,개,940,380,40.43
2021,7,Wednesday,고양이,515,156,30.29
2021,7,Wednesday,기타,32,14,43.75
2021,7,Wednesday,기타축종,35,22,62.86
2021,8,Friday,개,983,324,32.96
2021,8,Friday,고양이,457,159,34.79
2021,8,Friday,기타,23,8,34.78
2021,8,Friday,기타축종,14,9,64.29
2021,8,Monday,개,1588,565,35.58
2021,8,Monday,고양이,630,226,35.87
2021,8,Monday,기타,59,21,35.59
2021,8,Monday,기타축종,21,12,57.14
2021,8,Saturday,개,554,188,33.94
2021,8,Saturday,고양이,283,120,42.4
2021,8,Saturday,기타,13,6,46.15
2021,8,Saturday,기타축종,19,6,31.58
2021,8,Sunday,개,548,211,38.5
2021,8,Sunday,고양이,186,62,33.33
2021,8,Sunday,기타,10,1,10.0
2021,8,Sunday,기타축종,4,3,75.0
2021,8,Thursday,개,1099,387,35.21
2021,8,Thursday,고양이,454,148,32.6
2021,8,Thursday,기타,18,4,22.22
2021,8,Thursday,기타축종,23,16,69.57
2021,8,Tuesday,개,1429,512,35.83
2021,8,Tuesday,고양이,570,200,35.09
2021,8,Tuesday,기타,27,8,29.63
2021,8,Tuesday,기타축종,19,13,68.42
2021,8,Wednesday,개,1012,314,31.03
2021,8,Wednesday,고양이,430,129,30.0
2021,8,Wednesday,기타,24,11,45.83
2021,8,Wednesday,기타축종,28,11,39.29
2021,9,Friday,개,1151,437,37.97
2021,9,Friday,고양이,578,200,34.6
2021,9,Friday,기타,21,10,47.62
2021,9,Friday,기타축종,32,26,81.25
2021,9,Monday,개,1334,455,34.11
2021,9,Monday,고양이,551,161,29.22
2021,9,Monday,기타,23,12,52.17
2021,9,Monday,기타축종,16,14,87.5
2021,9,Saturday,개,460,158,34.35
2021,9,Saturday,고양이,351,104,29.63
2021,9,Saturday,기타,6,4,66.67
2021,9,Saturday,기타축종,13,7,53.85
2021,9,Sunday,개,403,135,33.5
2021,9,Sunday,고양이,145,45,31.03
2021,9,Sunday,기타,7,3,42.86
2021,9,Sunday,기타축종,5,2,40.0
2021,9,Thursday,개,1522,550,36.14
2021,9,Thursday,고양이,764,258,33.77
2021,9,Thursday,기타,29,16,55.17
2021,9,Thursday,기타축종,22,14,63.64
2021,9,Tuesday,개,911,261,28.65
2021,9,Tuesday,고양이,410,141,34.39
2021,9,Tuesday,기타,17,4,23.53
2021,9,Tuesday,기타축종,10,5,50.0
2021,9,Wednesday,개,1083,355,32.78
2021,9,Wednesday,고양이,566,215,37.99
2021,9,Wednesday,기타,11,1,9.09
2021,9,Wednesday,기타축종,17,8,47.06
2021,10,Friday,개,1427,530,37.14
2021,10,Friday,고양이,576,205,35.59
2021,10,Friday,기타,30,14,46.67
2021,10,Friday,기타축종,26,17,65.38
2021,10,Monday,개,912,283,31.03
2021,10,Monday,고양이,528,184,34.85
2021,10,Monday,기타,9,4,44.44
2021,10,Monday,기타축종,22,16,72.73
2021,10,Saturday,개,622,207,33.28
2021,10,Saturday,고양이,343,114,33.24
2021,10,Saturday,기타,19,10,52.63
2021,10,Saturday,기타축종,14,9,64.29
2021,10,Sunday,개,503,174,34.59
2021,10,Sunday,고양이,269,68,25.28
2021,10,Sunday,기타,8,2,25.0
2021,10,Sunday,기타축종,7,4,57.14
2021,10,Thursday,개,1178,394,33.45
2021,10,Thursday,고양이,531,176,33.15
2021,10,Thursday,기타,21,11,52.38
2021,10,Thursday,기타축종,13,9,69.23
2021,10,Tuesday,개,1241,394,31.75
2021,10,Tuesday,고양이,570,220,38.6
2021,10,Tuesday,기타,28,8,28.57
2021,10,Tuesday,기타축종,20,15,75.0
2021,10,Wednesday,개,1179,359,30.45
2021,10,Wednesday,고양이,534,178,33.33
2021,10,Wednesday,기타,26,11,42.31
2021,10,Wednesday,기타축종,24,11,45.83
2021,11,Friday,개,1031,316,30.65
2021,11,Friday,고양이,350,131,37.43
2021,11,Friday,기타,15,6,40.0
2021,11,Friday,기타축종,51,36,70.59
2021,11,Monday,개,1600,543,33.94
2021,11,Monday,고양이,511,211,41.29
2021,11,Monday,기타,31,10,32.26
2021,11,Monday,기타축종,17,13,76.47
2021,11,Saturday,개,521,197,37.81
2021,11,Saturday,고양이,166,64,38.55
2021,11,Saturday,기타,10,3,30.0
2021,11,Saturday,기타축종,13,7,53.85
2021,11,Sunday,개,385,134,34.81
2021,11,Sunday,고양이,107,41,38.32
2021,11,Sunday,기타,4,2,50.0
2021,11,Sunday,기타축종,3,2,66.67
2021,11,Thursday,개,1050,392,37.33
2021,11,Thursday,고양이,390,149,38.21
2021,11,Thursday,기타,23,6,26.09
2021,11,Thursday,기타축종,15,13,86.67
2021,11,Tuesday,개,1339,470,35.1
2021,11,Tuesday,고양이,419,175,41.77
2021,11,Tuesday,기타,19,9,47.37
2021,11,Tuesday,기타축종,24,11,45.83
2021,11,Wednesday,개,991,314,31.69
2021,11,Wednesday,고양이,271,85,31.37
2021,11,Wednesday,기타,18,4,22.22
2021,11,Wednesday,기타축종,22,16,72.73
2021,12,Friday,개,1218,355,29.15
2021,12,Friday,고양이,198,64,32.32
2021,12,Friday,기타,29,9,31.03
2021,12,Friday,기타축종,20,16,80.0
2021,12,Monday,개,1181,402,34.04
2021,12,Monday,고양이,202,74,36.63
2021,12,Monday,기타,30,14,46.67
2021,12,Monday,기타축종,35,19,54.29
2021,12,Saturday,개,453,142,31.35
2021,12,Saturday,고양이,127,58,45.67
2021,12,Saturday,기타,9,3,33.33
2021,12,Saturday,기타축종,3,3,100.0
2021,12,Sunday,개,337,109,32.34
2021,12,Sunday,고양이,50,14,28.0
2021,12,Sunday,기타,12,2,16.67
2021,12,Sunday,기타축종,3,2,66.67
2021,12,Thursday,개,1365,421,30.84
2021,12,Thursday,고양이,205,61,29.76
2021,12,Thursday,기타,21,9,42.86
2021,12,Thursday,기타축종,27,11,40.74
2021,12,Tuesday,개,1038,400,38.54
2021,12,Tuesday,고양이,153,65,42.48
2021,12,Tuesday,기타,12,6,50.0
2021,12,Tuesday,기타축종,13,9,69.23
2021,12,Wednesday,개,1230,386,31.38
2021,12,Wednesday,고양이,215,78,36.28
2021,12,Wednesday,기타,21,4,19.05
2021,12,Wednesday,기타축종,22,12,54.55
2022,1,Friday,개,958,325,33.92
2022,1,Friday,고양이,116,42,36.21
2022,1,Friday,기타,16,7,43.75
2022,1,Friday,기타축종,9,4,44.44
2022,1,Monday,개,1475,536,36.34
2022,1,Monday,고양이,177,63,35.59
2022,1,Monday,기타,18,8,44.44
2022,1,Monday,기타축종,18,14,77.78
2022,1,Saturday,개,602,198,32.89
2022,1,Saturday,고양이,104,35,33.65
2022,1,Saturday,기타,9,4,44.44
2022,1,Saturday,기타축종,20,17,85.0
2022,1,Sunday,개,399,146,36.59
2022,1,Sunday,고양이,57,15,26.32
2022,1,Sunday,기타,6,2,33.33
2022,1,Sunday,기타축종,7,6,85.71
2022,1,Thursday,개,999,330,33.03
2022,1,Thursday,고양이,98,36,36.73
2022,1,Thursday,기타,16,3,18.75
2022,1,Thursday,기타축종,30,23,76.67
2022,1,Tuesday,개,1009,334,33.1
2022,1,Tuesday,고양이,120,52,43.33
2022,1,Tuesday,기타,19,6,31.58
2022,1,Tuesday,기타축종,6,4,66.67
2022,1,Wednesday,개,967,341,35.26
2022,1,Wednesday,고양이,132,49,37.12
2022,1,Wednesday,기타,12,5,41.67
2022,1,Wednesday,기타축종,10,8,80.0
2022,2,Friday,개,947,370,39.07
2022,2,Friday,고양이,129,53,41.09
2022,2,Friday,기타,15,12,80.0
2022,2,Friday,기타축종,7,5,71.43
2022,2,Monday,개,1255,431,34.34
2022,2,Monday,고양이,121,58,47.93
2022,2,Monday,기타,16,4,25.0
2022,2,Monday,기타축종,24,11,45.83
2022,2,Saturday,개,487,162,33.26
2022,2,Saturday,고양이,84,34,40.48
2022,2,Saturday,기타,6,2,33.33
2022,2,Saturday,기타축종,6,4,66.67
2022,2,Sunday,개,307,101,32.9
2022,2,Sunday,고양이,39,7,17.95
2022,2,Sunday,기타,4,1,25.0
2022,2,Sunday,기타축종,8,3,37.5
2022,2,Thursday,개,949,351,36.99
2022,2,Thursday,고양이,109,39,35.78
2022,2,Thursday,기타,18,7,38.89
2022,2,Thursday,기타축종,12,5,41.67
2022,2,Tuesday,개,901,307,34.07
2022,2,Tuesday,고양이,89,40,44.94
2022,2,Tuesday,기타,5,1,20.0
2022,2,Tuesday,기타축종,8,5,62.5
2022,2,Wednesday,개,738,260,35.23
2022,2,Wednesday,고양이,103,34,33.01
2022,2,Wednesday,기타,8,1,12.5
2022,2,Wednesday,기타축종,11,9,81.82
2022,3,Friday,개,1043,351,33.65
2022,3,Friday,고양이,140,54,38.57
2022,3,Friday,기타,17,5,29.41
2022,3,Friday,기타축종,7,3,42.86
2022,3,Monday,개,1248,446,35.74
2022,3,Monday,고양이,175,77,44.0
2022,3,Monday,기타,15,9,60.0
2022,3,Monday,기타축종,19,17,89.47
2022,3,Saturday,개,503,171,34.0
2022,3,Saturday,고양이,75,26,34.67
2022,3,Saturday,기타,8,3,37.5
2022,3,Saturday,기타축종,4,4,100.0
2022,3,Sunday,개,364,114,31.32
2022,3,Sunday,고양이,46,25,54.35
2022,3,Sunday,기타,4,2,50.0
2022,3,Sunday,기타축종,2,2,100.0
2022,3,Thursday,개,1263,445,35.23
2022,3,Thursday,고양이,172,70,40.7
2022,3,Thursday,기타,21,8,38.1
2022,3,Thursday,기타축종,17,13,76.47
2022,3,Tuesday,개,1228,406,33.06
2022,3,Tuesday,고양이,137,56,40.88
2022,3,Tuesday,기타,17,5,29.41
2022,3,Tuesday,기타축종,16,10,62.5
2022,3,Wednesday,개,1147,413,36.01
2022,3,Wednesday,고양이,158,54,34.18
2022,3,Wednesday,기타,12,5,41.67
2022,3,Wednesday,기타축종,15,8,53.33
2022,4,Friday,개,1221,407,33.33
2022,4,Friday,고양이,446,184,41.26
2022,4,Friday,기타,16,6,37.5
2022,4,Friday,기타축종,25,22,88.0
2022,4,Monday,개,1381,489,35.41
2022,4,Monday,고양이,441,186,42.18
2022,4,Monday,기타,19,15,78.95
2022,4,Monday,기타축종,15,8,53.33
2022,4,Saturday,개,711,240,33.76
2022,4,Saturday,고양이,284,120,42.25
2022,4,Saturday,기타,11,5,45.45
2022,4,Saturday,기타축종,10,6,60.0
2022,4,Sunday,개,356,107,30.06
2022,4,Sunday,고양이,136,62,45.59
2022,4,Sunday,기타,8,4,50.0
2022,4,Sunday,기타축종,8,4,50.0
2022,4,Thursday,개,1018,323,31.73
2022,4,Thursday,고양이,397,162,40.81
2022,4,Thursday,기타,21,5,23.81
2022,4,Thursday,기타축종,19,18,94.74
2022,4,Tuesday,개,1086,325,29.93
2022,4,Tuesday,고양이,335,165,49.25
2022,4,Tuesday,기타,15,7,46.67
2022,4,Tuesday,기타축종,20,14,70.0
2022,4,Wednesday,개,967,321,33.2
2022,4,Wednesday,고양이,330,138,41.82
2022,4,Wednesday,기타,24,10,41.67
2022,4,Wednesday,기타축종,15,11,73.33
2022,5,Friday,개,1035,334,32.27
2022,5,Friday,고양이,785,206,26.24
2022,5,Friday,기타,23,11,47.83
2022,5,Friday,기타축종,28,23,82.14
2022,5,Monday,개,1728,587,33.97
2022,5,Monday,고양이,962,317,32.95
2022,5,Monday,기타,24,11,45.83
2022,5,Monday,기타축종,23,14,60.87
2022,5,Saturday,개,482,152,31.54
2022,5,Saturday,고양이,444,154,34.68
2022,5,Saturday,기타,10,5,50.0
2022,5,Saturday,기타축종,40,16,40.0
2022,5,Sunday,개,412,101,24.51
2022,5,Sunday,고양이,231,73,31.6
2022,5,Sunday,기타,6,1,16.67
2022,5,Sunday,기타축종,8,4,50.0
2022,5,Thursday,개,844,249,29.5
2022,5,Thursday,고양이,573,204,35.6
2022,5,Thursday,기타,23,1,4.35
2022,5,Thursday,기타축종,15,7,46.67
2022,5,Tuesday,개,1475,467,31.66
2022,5,Tuesday,고양이,817,274,33.54
2022,5,Tuesday,기타,35,18,51.43
2022,5,Tuesday,기타축종,27,12,44.44
2022,5,Wednesday,개,1004,295,29.38
2022,5,Wednesday,고양이,610,242,39.67
2022,5,Wednesday,기타,29,9,31.03
2022,5,Wednesday,기타축종,27,15,55.56
2022,6,Friday,개,1173,345,29.41
2022,6,Friday,고양이,662,182,27.49
2022,6,Friday,기타,17,6,35.29
2022,6,Friday,기타축종,38,15,39.47
2022,6,Monday,개,1065,323,30.33
2022,6,Monday,고양이,728,226,31.04
2022,6,Monday,기타,22,6,27.27
2022,6,Monday,기타축종,22,11,50.0
2022,6,Saturday,개,515,141,27.38
2022,6,Saturday,고양이,407,100,24.57
2022,6,Saturday,기타,8,2,25.0
2022,6,Saturday,기타축종,8,6,75.0
2022,6,Sunday,개,392,109,27.81
2022,6,Sunday,고양이,201,51,25.37
2022,6,Sunday,기타,5,0,0.0
2022,6,Sunday,기타축종,10,7,70.0
2022,6,Thursday,개,1270,379,29.84
2022,6,Thursday,고양이,882,250,28.34
2022,6,Thursday,기타,37,13,35.14
2022,6,Thursday,기타축종,22,14,63.64
2022,6,Tuesday,개,1165,357,30.64
2022,6,Tuesday,고양이,724,219,30.25
2022,6,Tuesday,기타,23,10,43.48
2022,6,Tuesday,기타축종,26,14,53.85
2022,6,Wednesday,개,1068,312,29.21
2022,6,Wednesday,고양이,719,218,30.32
2022,6,Wednesday,기타,26,9,34.62
2022,6,Wednesday,기타축종,26,15,57.69
2022,7,Friday,개,1253,374,29.85
2022,7,Friday,고양이,741,203,27.4
2022,7,Friday,기타,23,6,26.09
2022,7,Friday,기타축종,39,16,41.03
2022,7,Monday,개,1339,403,30.1
2022,7,Monday,고양이,694,172,24.78
2022,7,Monday,기타,33,10,30.3
2022,7,Monday,기타축종,41,20,48.78
2022,7,Saturday,개,632,185,29.27
2022,7,Saturday,고양이,433,125,28.87
2022,7,Saturday,기타,15,5,33.33
2022,7,Saturday,기타축종,28,7,25.0
2022,7,Sunday,개,469,145,30.92
2022,7,Sunday,고양이,211,45,21.33
2022,7,Sunday,기타,7,5,71.43
2022,7,Sunday,기타축종,16,10,62.5
2022,7,Thursday,개,1100,318,28.91
2022,7,Thursday,고양이,525,124,23.62
2022,7,Thursday,기타,25,8,32.0
2022,7,Thursday,기타축종,29,12,41.38
2022,7,Tuesday,개,1178,332,28.18
2022,7,Tuesday,고양이,663,153,23.08
2022,7,Tuesday,기타,18,7,38.89
2022,7,Tuesday,기타축종,35,19,54.29
2022,7,Wednesday,개,983,296,30.11
2022,7,Wednesday,고양이,598,138,23.08
2022,7,Wednesday,기타,20,10,50.0
2022,7,Wednesday,기타축종,21,7,33.33
2022,8,Friday,개,1001,265,26.47
2022,8,Friday,고양이,441,130,29.48
2022,8,Friday,기타,23,4,17.39
2022,8,Friday,기타축종,19,10,52.63
2022,8,Monday,개,1481,398,26.87
2022,8,Monday,고양이,661,193,29.2
2022,8,Monday,기타,23,7,30.43
2022,8,Monday,기타축종,27,14,51.85
2022,8,Saturday,개,513,163,31.77
2022,8,Saturday,고양이,275,76,27.64
2022,8,Saturday,기타,9,4,44.44
2022,8,Saturday,기타축종,19,10,52.63
2022,8,Sunday,개,383,111,28.98
2022,8,Sunday,고양이,157,46,29.3
2022,8,Sunday,기타,10,5,50.0
2022,8,Sunday,기타축종,11,5,45.45
2022,8,Thursday,개,1089,316,29.02
2022,8,Thursday,고양이,403,120,29.78
2022,8,Thursday,기타,13,5,38.46
2022,8,Thursday,기타축종,22,11,50.0
2022,8,Tuesday,개,1396,372,26.65
2022,8,Tuesday,고양이,602,202,33.55
2022,8,Tuesday,기타,26,7,26.92
2022,8,Tuesday,기타축종,24,14,58.33
2022,8,Wednesday,개,1340,401,29.93
2022,8,Wednesday,고양이,613,178,29.04
2022,8,Wednesday,기타,25,9,36.0
2022,8,Wednesday,기타축종,18,8,44.44
2022,9,Friday,개,1121,318,28.37
2022,9,Friday,고양이,519,149,28.71
2022,9,Friday,기타,21,9,42.86
2022,9,Friday,기타축종,37,14,37.84
2022,9,Monday,개,998,272,27.25
2022,9,Monday,고양이,490,161,32.86
2022,9,Monday,기타,17,8,47.06
2022,9,Monday,기타축종,27,15,55.56
2022,9,Saturday,개,471,123,26.11
2022,9,Saturday,고양이,195,45,23.08
2022,9,Saturday,기타,6,3,50.0
2022,9,Saturday,기타축종,3,1,33.33
2022,9,Sunday,개,374,84,22.46
2022,9,Sunday,고양이,184,46,25.0
2022,9,Sunday,기타,5,1,20.0
2022,9,Sunday,기타축종,11,8,72.73
2022,9,Thursday,개,1264,336,26.58
2022,9,Thursday,고양이,700,180,25.71
2022,9,Thursday,기타,20,6,30.0
2022,9,Thursday,기타축종,21,15,71.43
2022,9,Tuesday,개,1300,347,26.69
2022,9,Tuesday,고양이,581,178,30.64
2022,9,Tuesday,기타,9,1,11.11
2022,9,Tuesday,기타축종,21,16,76.19
2022,9,Wednesday,개,1032,293,28.39
2022,9,Wednesday,고양이,579,183,31.61
2022,9,Wednesday,기타,19,9,47.37
2022,9,Wednesday,기타축종,33,16,48.48
2022,10,Friday,개,961,216,22.48
2022,10,Friday,고양이,531,166,31.26
2022,10,Friday,기타,15,4,26.67
2022,10,Friday,기타축종,21,14,66.67
2022,10,Monday,개,1153,311,26.97
2022,10,Monday,고양이,513,188,36.65
2022,10,Monday,기타,15,7,46.67
2022,10,Monday,기타축종,16,6,37.5
2022,10,Saturday,개,552,174,31.52
2022,10,Saturday,고양이,377,99,26.26
2022,10,Saturday,기타,9,4,44.44
2022,10,Saturday,기타축종,12,7,58.33
2022,10,Sunday,개,479,132,27.56
2022,10,Sunday,고양이,175,41,23.43
2022,10,Sunday,기타,4,1,25.0
2022,10,Sunday,기타축종,5,3,60.0
2022,10,Thursday,개,959,258,26.9
2022,10,Thursday,고양이,502,166,33.07
2022,10,Thursday,기타,7,2,28.57
2022,10,Thursday,기타축종,14,10,71.43
2022,10,Tuesday,개,1223,354,28.95
2022,10,Tuesday,고양이,604,182,30.13
2022,10,Tuesday,기타,13,3,23.08
2022,10,Tuesday,기타축종,18,11,61.11
2022,10,Wednesday,개,991,269,27.14
2022,10,Wednesday,고양이,534,172,32.21
2022,10,Wednesday,기타,24,5,20.83
2022,10,Wednesday,기타축종,15,9,60.0
2022,11,Friday,개,968,260,26.86
2022,11,Friday,고양이,287,111,38.68
2022,11,Friday,기타,10,2,20.0
2022,11,Friday,기타축종,20,13,65.0
2022,11,Monday,개,1274,342,26.84
2022,11,Monday,고양이,375,135,36.0
2022,11,Monday,기타,14,5,35.71
2022,11,Monday,기타축종,35,22,62.86
2022,11,Saturday,개,485,148,30.52
2022,11,Saturday,고양이,175,57,32.57
2022,11,Saturday,기타,1,0,0.0
2022,11,Saturday,기타축종,6,2,33.33
2022,11,Sunday,개,388,86,22.16
2022,11,Sunday,고양이,105,38,36.19
2022,11,Sunday,기타,1,0,0.0
2022,11,Sunday,기타축종,5,1,20.0
2022,11,Thursday,개,993,257,25.88
2022,11,Thursday,고양이,321,111,34.58
2022,11,Thursday,기타,5,2,40.0
2022,11,Thursday,기타축종,17,11,64.71
2022,11,Tuesday,개,1336,390,29.19
2022,11,Tuesday,고양이,395,153,38.73
2022,11,Tuesday,기타,15,4,26.67
2022,11,Tuesday,기타축종,24,20,83.33
2022,11,Wednesday,개,1229,307,24.98
2022,11,Wednesday,고양이,419,155,36.99
2022,11,Wednesday,기타,23,9,39.13
2022,11,Wednesday,기타축종,29,12,41.38
2022,12,Friday,개,1000,286,28.6
2022,12,Friday,고양이,205,69,33.66
2022,12,Friday,기타,5,2,40.0
2022,12,Friday,기타축종,20,17,85.0
2022,12,Monday,개,1175,323,27.49
2022,12,Monday,고양이,205,73,35.61
2022,12,Monday,기타,10,2,20.0
2022,12,Monday,기타축종,24,19,79.17
2022,12,Saturday,개,566,159,28.09
2022,12,Saturday,고양이,160,51,31.87
2022,12,Saturday,기타,5,0,0.0
2022,12,Saturday,기타축종,7,5,71.43
2022,12,Sunday,개,310,80,25.81
2022,12,Sunday,고양이,72,25,34.72
2022,12,Sunday,기타,3,1,33.33
2022,12,Sunday,기타축종,3,1,33.33
2022,12,Thursday,개,1003,258,25.72
2022,12,Thursday,고양이,196,64,32.65
2022,12,Thursday,기타,7,1,14.29
2022,12,Thursday,기타축종,14,8,57.14
2022,12,Tuesday,개,899,221,24.58
2022,12,Tuesday,고양이,180,53,29.44
2022,12,Tuesday,기타,5,1,20.0
2022,12,Tuesday,기타축종,4,2,50.0
2022,12,Wednesday,개,885,239,27.01
2022,12,Wednesday,고양이,144,60,41.67
2022,12,Wednesday,기타,7,5,71.43
2022,12,Wednesday,기타축종,6,5,83.33
2023,1,Friday,개,879,258,29.35
2023,1,Friday,고양이,104,32,30.77
2023,1,Friday,기타,8,4,50.0
2023,1,Friday,기타축종,13,7,53.85
2023,1,Monday,개,1353,376,27.79
2023,1,Monday,고양이,173,63,36.42
2023,1,Monday,기타,8,2,25.0
2023,1,Monday,기타축종,25,13,52.0
2023,1,Saturday,개,371,110,29.65
2023,1,Saturday,고양이,65,27,41.54
2023,1,Saturday,기타,6,3,50.0
2023,1,Saturday,기타축종,1,1,100.0
2023,1,Sunday,개,435,156,35.86
2023,1,Sunday,고양이,43,17,39.53
2023,1,Sunday,기타,3,1,33.33
2023,1,Sunday,기타축종,2,1,50.0
2023,1,Thursday,개,1022,298,29.16
2023,1,Thursday,고양이,118,40,33.9
2023,1,Thursday,기타,6,1,16.67
2023,1,Thursday,기타축종,7,3,42.86
2023,1,Tuesday,개,1230,423,34.39
2023,1,Tuesday,고양이,142,57,40.14
2023,1,Tuesday,기타,3,1,33.33
2023,1,Tuesday,기타축종,65,51,78.46
2023,1,Wednesday,개,1116,344,30.82
2023,1,Wednesday,고양이,115,48,41.74
2023,1,Wednesday,기타,10,6,60.0
2023,1,Wednesday,기타축종,11,5,45.45
2023,2,Friday,개,950,263,27.68
2023,2,Friday,고양이,105,38,36.19
2023,2,Friday,기타,5,2,40.0
2023,2,Friday,기타축종,10,9,90.0
2023,2,Monday,개,1328,384,28.92
2023,2,Monday,고양이,133,44,33.08
2023,2,Monday,기타,10,6,60.0
2023,2,Monday,기타축종,34,11,32.35
2023,2,Saturday,개,526,150,28.52
2023,2,Saturday,고양이,60,11,18.33
2023,2,Saturday,기타,6,3,50.0
2023,2,Saturday,기타축종,7,6,85.71
2023,2,Sunday,개,347,103,29.68
2023,2,Sunday,고양이,62,25,40.32
2023,2,Sunday,기타,2,2,100.0
2023,2,Sunday,기타축종,3,2,66.67
2023,2,Thursday,개,1029,306,29.74
2023,2,Thursday,고양이,112,46,41.07
2023,2,Thursday,기타,8,5,62.5
2023,2,Thursday,기타축종,16,6,37.5
2023,2,Tuesday,개,1110,348,31.35
2023,2,Tuesday,고양이,111,37,33.33
2023,2,Tuesday,기타,9,3,33.33
2023,2,Tuesday,기타축종,11,4,36.36
2023,2,Wednesday,개,1108,364,32.85
2023,2,Wednesday,고양이,112,36,32.14
2023,2,Wednesday,기타,10,3,30.0
2023,2,Wednesday,기타축종,13,6,46.15
2023,3,Friday,개,1266,350,27.65
2023,3,Friday,고양이,221,73,33.03
2023,3,Friday,기타,10,4,40.0
2023,3,Friday,기타축종,17,13,76.47
2023,3,Monday,개,1252,354,28.27
2023,3,Monday,고양이,190,80,42.11
2023,3,Monday,기타,21,12,57.14
2023,3,Monday,기타축종,15,8,53.33
2023,3,Saturday,개,426,103,24.18
2023,3,Saturday,고양이,83,20,24.1
2023,3,Saturday,기타,3,2,66.67
2023,3,Saturday,기타축종,10,6,60.0
2023,3,Sunday,개,376,97,25.8
2023,3,Sunday,고양이,52,15,28.85
2023,3,Sunday,기타,2,1,50.0
2023,3,Sunday,기타축종,8,5,62.5
2023,3,Thursday,개,1294,407,31.45
2023,3,Thursday,고양이,206,77,37.38
2023,3,Thursday,기타,14,8,57.14
2023,3,Thursday,기타축종,14,10,71.43
2023,3,Tuesday,개,1056,309,29.26
2023,3,Tuesday,고양이,156,51,32.69
2023,3,Tuesday,기타,11,7,63.64
2023,3,Tuesday,기타축종,13,12,92.31
2023,3,Wednesday,개,1125,306,27.2
2023,3,Wednesday,고양이,194,72,37.11
2023,3,Wednesday,기타,17,11,64.71
2023,3,Wednesday,기타축종,22,11,50.0
2023,4,Friday,개,1100,291,26.45
2023,4,Friday,고양이,378,120,31.75
2023,4,Friday,기타,1,0,0.0
2023,4,Friday,기타축종,37,26,70.27
2023,4,Monday,개,1246,340,27.29
2023,4,Monday,고양이,361,148,41.0
2023,4,Monday,기타,11,6,54.55
2023,4,Monday,기타축종,18,11,61.11
2023,4,Saturday,개,581,178,30.64
2023,4,Saturday,고양이,228,75,32.89
2023,4,Saturday,기타,5,3,60.0
2023,4,Saturday,기타축종,15,12,80.0
2023,4,Sunday,개,508,140,27.56
2023,4,Sunday,고양이,133,60,45.11
2023,4,Sunday,기타,4,0,0.0
2023,4,Sunday,기타축종,12,10,83.33
2023,4,Thursday,개,1039,304,29.26
2023,4,Thursday,고양이,315,116,36.83
2023,4,Thursday,기타,16,8,50.0
2023,4,Thursday,기타축종,13,9,69.23
2023,4,Tuesday,개,999,281,28.13
2023,4,Tuesday,고양이,319,134,42.01
2023,4,Tuesday,기타,8,1,12.5
2023,4,Tuesday,기타축종,13,7,53.85
2023,4,Wednesday,개,923,243,26.33
2023,4,Wednesday,고양이,318,103,32.39
2023,4,Wednesday,기타,13,6,46.15
2023,4,Wednesday,기타축종,14,7,50.0
2023,5,Friday,개,688,182,26.45
2023,5,Friday,고양이,534,161,30.15
2023,5,Friday,기타,9,3,33.33
2023,5,Friday,기타축종,13,8,61.54
2023,5,Monday,개,1409,378,26.83
2023,5,Monday,고양이,919,278,30.25
2023,5,Monday,기타,11,7,63.64
2023,5,Monday,기타축종,52,29,55.77
2023,5,Saturday,개,334,111,33.23
2023,5,Saturday,고양이,361,123,34.07
2023,5,Saturday,기타,2,1,50.0
2023,5,Saturday,기타축종,20,13,65.0
2023,5,Sunday,개,413,95,23.0
2023,5,Sunday,고양이,222,65,29.28
2023,5,Sunday,기타,2,1,50.0
2023,5,Sunday,기타축종,5,3,60.0
2023,5,Thursday,개,896,248,27.68
2023,5,Thursday,고양이,612,196,32.03
2023,5,Thursday,기타,17,8,47.06
2023,5,Thursday,기타축종,15,9,60.0
2023,5,Tuesday,개,1517,391,25.77
2023,5,Tuesday,고양이,918,296,32.24
2023,5,Tuesday,기타,9,5,55.56
2023,5,Tuesday,기타축종,29,17,58.62
2023,5,Wednesday,개,1311,364,27.77
2023,5,Wednesday,고양이,913,265,29.03
2023,5,Wednesday,기타,10,1,10.0
2023,5,Wednesday,기타축종,37,31,83.78
2023,6,Friday,개,1202,301,25.04
2023,6,Friday,고양이,885,234,26.44
2023,6,Friday,기타,12,6,50.0
2023,6,Friday,기타축종,29,15,51.72
2023,6,Monday,개,1241,333,26.83
2023,6,Monday,고양이,750,201,26.8
2023,6,Monday,기타,7,3,42.86
2023,6,Monday,기타축종,27,20,74.07
2023,6,Saturday,개,434,95,21.89
2023,6,Saturday,고양이,353,85,24.08
2023,6,Saturday,기타,2,1,50.0
2023,6,Saturday,기타축종,23,18,78.26
2023,6,Sunday,개,327,75,22.94
2023,6,Sunday,고양이,221,47,21.27
2023,6,Sunday,기타,6,1,16.67
2023,6,Sunday,기타축종,4,2,50.0
2023,6,Thursday,개,1267,342,26.99
2023,6,Thursday,고양이,858,223,25.99
2023,6,Thursday,기타,12,1,8.33
2023,6,Thursday,기타축종,32,18,56.25
2023,6,Tuesday,개,872,247,28.33
2023,6,Tuesday,고양이,643,149,23.17
2023,6,Tuesday,기타,12,8,66.67
2023,6,Tuesday,기타축종,20,13,65.0
2023,6,Wednesday,개,1054,236,22.39
2023,6,Wednesday,고양이,645,162,25.12
2023,6,Wednesday,기타,6,3,50.0
2023,6,Wednesday,기타축종,23,15,65.22
2023,7,Friday,개,1180,263,22.29
2023,7,Friday,고양이,561,141,25.13
2023,7,Friday,기타,3,1,33.33
2023,7,Friday,기타축종,23,10,43.48
2023,7,Monday,개,1773,443,24.99
2023,7,Monday,고양이,828,212,25.6
2023,7,Monday,기타,17,6,35.29
2023,7,Monday,기타축종,28,13,46.43
2023,7,Saturday,개,754,193,25.6
2023,7,Saturday,고양이,417,91,21.82
2023,7,Saturday,기타,13,5,38.46
2023,7,Saturday,기타축종,15,6,40.0
2023,7,Sunday,개,566,113,19.96
2023,7,Sunday,고양이,221,43,19.46
2023,7,Sunday,기타,5,0,0.0
2023,7,Sunday,기타축종,8,3,37.5
2023,7,Thursday,개,1063,233,21.92
2023,7,Thursday,고양이,543,140,25.78
2023,7,Thursday,기타,9,2,22.22
2023,7,Thursday,기타축종,26,10,38.46
2023,7,Tuesday,개,1150,303,26.35
2023,7,Tuesday,고양이,539,151,28.01
2023,7,Tuesday,기타,6,2,33.33
2023,7,Tuesday,기타축종,30,17,56.67
2023,7,Wednesday,개,1129,291,25.78
2023,7,Wednesday,고양이,582,118,20.27
2023,7,Wednesday,기타,15,6,40.0
2023,7,Wednesday,기타축종,33,20,60.61
2023,8,Friday,개,1015,220,21.67
2023,8,Friday,고양이,455,132,29.01
2023,8,Friday,기타,6,2,33.33
2023,8,Friday,기타축종,37,21,56.76
2023,8,Monday,개,1333,307,23.03
2023,8,Monday,고양이,453,108,23.84
2023,8,Monday,기타,16,6,37.5
2023,8,Monday,기타축종,15,9,60.0
2023,8,Saturday,개,503,122,24.25
2023,8,Saturday,고양이,226,65,28.76
2023,8,Saturday,기타,6,3,50.0
2023,8,Saturday,기타축종,13,4,30.77
2023,8,Sunday,개,339,68,20.06
2023,8,Sunday,고양이,147,37,25.17
2023,8,Sunday,기타,9,2,22.22
2023,8,Sunday,기타축종,6,2,33.33
2023,8,Thursday,개,1139,250,21.95
2023,8,Thursday,고양이,528,143,27.08
2023,8,Thursday,기타,11,7,63.64
2023,8,Thursday,기타축종,21,11,52.38
2023,8,Tuesday,개,1265,276,21.82
2023,8,Tuesday,고양이,542,143,26.38
2023,8,Tuesday,기타,4,1,25.0
2023,8,Tuesday,기타축종,18,5,27.78
2023,8,Wednesday,개,1323,366,27.66
2023,8,Wednesday,고양이,491,139,28.31
2023,8,Wednesday,기타,11,3,27.27
2023,8,Wednesday,기타축종,43,24,55.81
2023,9,Friday,개,964,257,26.66
2023,9,Friday,고양이,567,139,24.51
2023,9,Friday,기타,15,4,26.67
2023,9,Friday,기타축종,39,15,38.46
2023,9,Monday,개,1354,334,24.67
2023,9,Monday,고양이,594,145,24.41
2023,9,Monday,기타,8,2,25.0
2023,9,Monday,기타축종,26,15,57.69
2023,9,Saturday,개,531,131,24.67
2023,9,Saturday,고양이,324,77,23.77
2023,9,Saturday,기타,5,3,60.0
2023,9,Saturday,기타축종,41,29,70.73
2023,9,Sunday,개,382,83,21.73
2023,9,Sunday,고양이,176,28,15.91
2023,9,Sunday,기타,4,0,0.0
2023,9,Sunday,기타축종,10,3,30.0
2023,9,Thursday,개,838,208,24.82
2023,9,Thursday,고양이,423,105,24.82
2023,9,Thursday,기타,11,4,36.36
2023,9,Thursday,기타축종,16,11,68.75
2023,9,Tuesday,개,1040,238,22.88
2023,9,Tuesday,고양이,558,157,28.14
2023,9,Tuesday,기타,16,7,43.75
2023,9,Tuesday,기타축종,38,14,36.84
2023,9,Wednesday,개,997,262,26.28
2023,9,Wednesday,고양이,502,127,25.3
2023,9,Wednesday,기타,10,6,60.0
2023,9,Wednesday,기타축종,29,18,62.07
2023,10,Friday,개,997,242,24.27
2023,10,Friday,고양이,515,151,29.32
2023,10,Friday,기타,8,3,37.5
2023,10,Friday,기타축종,9,6,66.67
2023,10,Monday,개,1237,301,24.33
2023,10,Monday,고양이,647,235,36.32
2023,10,Monday,기타,8,5,62.5
2023,10,Monday,기타축종,20,7,35.0
2023,10,Saturday,개,459,128,27.89
2023,10,Saturday,고양이,216,65,30.09
2023,10,Saturday,기타,5,2,40.0
2023,10,Saturday,기타축종,5,1,20.0
2023,10,Sunday,개,472,114,24.15
2023,10,Sunday,고양이,216,57,26.39
2023,10,Sunday,기타,5,1,20.0
2023,10,Sunday,기타축종,9,4,44.44
2023,10,Thursday,개,1060,267,25.19
2023,10,Thursday,고양이,495,155,31.31
2023,10,Thursday,기타,18,4,22.22
2023,10,Thursday,기타축종,42,17,40.48
2023,10,Tuesday,개,1279,358,27.99
2023,10,Tuesday,고양이,617,210,34.04
2023,10,Tuesday,기타,12,3,25.0
2023,10,Tuesday,기타축종,32,17,53.12
2023,10,Wednesday,개,1211,286,23.62
2023,10,Wednesday,고양이,590,179,30.34
2023,10,Wednesday,기타,5,2,40.0
2023,10,Wednesday,기타축종,26,13,50.0
2023,11,Friday,개,921,253,27.47
2023,11,Friday,고양이,349,120,34.38
2023,11,Friday,기타,8,4,50.0
2023,11,Friday,기타축종,25,17,68.0
2023,11,Monday,개,1205,293,24.32
2023,11,Monday,고양이,430,160,37.21
2023,11,Monday,기타,10,6,60.0
2023,11,Monday,기타축종,14,9,64.29
2023,11,Saturday,개,359,89,24.79
2023,11,Saturday,고양이,157,58,36.94
2023,11,Saturday,기타,6,1,16.67
2023,11,Saturday,기타축종,23,19,82.61
2023,11,Sunday,개,338,71,21.01
2023,11,Sunday,고양이,91,24,26.37
2023,11,Sunday,기타,4,0,0.0
2023,11,Sunday,기타축종,5,2,40.0
2023,11,Thursday,개,1221,295,24.16
2023,11,Thursday,고양이,385,129,33.51
2023,11,Thursday,기타,11,3,27.27
2023,11,Thursday,기타축종,24,13,54.17
2023,11,Tuesday,개,1099,222,20.2
2023,11,Tuesday,고양이,314,105,33.44
2023,11,Tuesday,기타,11,4,36.36
2023,11,Tuesday,기타축종,26,15,57.69
2023,11,Wednesday,개,1366,360,26.35
2023,11,Wednesday,고양이,451,164,36.36
2023,11,Wednesday,기타,5,3,60.0
2023,11,Wednesday,기타축종,28,16,57.14
2023,12,Friday,개,952,269,28.26
2023,12,Friday,고양이,200,76,38.0
2023,12,Friday,기타,16,12,75.0
2023,12,Friday,기타축종,17,7,41.18
2023,12,Monday,개,919,242,26.33
2023,12,Monday,고양이,203,71,34.98
2023,12,Monday,기타,12,3,25.0
2023,12,Monday,기타축종,9,6,66.67
2023,12,Saturday,개,497,109,21.93
2023,12,Saturday,고양이,103,42,40.78
2023,12,Saturday,기타,11,5,45.45
2023,12,Saturday,기타축종,4,4,100.0
2023,12,Sunday,개,356,79,22.19
2023,12,Sunday,고양이,61,16,26.23
2023,12,Sunday,기타,6,1,16.67
2023,12,Sunday,기타축종,9,4,44.44
2023,12,Thursday,개,913,230,25.19
2023,12,Thursday,고양이,149,68,45.64
2023,12,Thursday,기타,5,2,40.0
2023,12,Thursday,기타축종,28,18,64.29
2023,12,Tuesday,개,1135,248,21.85
2023,12,Tuesday,고양이,150,50,33.33
2023,12,Tuesday,기타,12,9,75.0
2023,12,Tuesday,기타축종,17,11,64.71
2023,12,Wednesday,개,1074,269,25.05
2023,12,Wednesday,고양이,190,82,43.16
2023,12,Wednesday,기타,8,6,75.0
2023,12,Wednesday,기타축종,12,4,33.33
2024,1,Friday,개,1050,258,24.57
2024,1,Friday,고양이,127,57,44.88
2024,1,Friday,기타,9,3,33.33
2024,1,Friday,기타축종,14,11,78.57
2024,1,Monday,개,1497,376,25.12
2024,1,Monday,고양이,152,60,39.47
2024,1,Monday,기타,12,8,66.67
2024,1,Monday,기타축종,15,8,53.33
2024,1,Saturday,개,444,101,22.75
2024,1,Saturday,고양이,76,30,39.47
2024,1,Saturday,기타,18,10,55.56
2024,1,Saturday,기타축종,4,1,25.0
2024,1,Sunday,개,337,94,27.89
2024,1,Sunday,고양이,35,17,48.57
2024,1,Sunday,기타축종,2,2,100.0
2024,1,Thursday,개,1112,311,27.97
2024,1,Thursday,고양이,99,41,41.41
2024,1,Thursday,기타,6,4,66.67
2024,1,Thursday,기타축종,5,3,60.0
2024,1,Tuesday,개,1466,372,25.38
2024,1,Tuesday,고양이,152,58,38.16
2024,1,Tuesday,기타,33,2,6.06
2024,1,Tuesday,기타축종,9,4,44.44
2024,1,Wednesday,개,1196,300,25.08
2024,1,Wednesday,고양이,130,57,43.85
2024,1,Wednesday,기타,12,7,58.33
2024,1,Wednesday,기타축종,7,5,71.43
2024,2,Friday,개,911,217,23.82
2024,2,Friday,고양이,89,35,39.33
2024,2,Friday,기타,12,7,58.33
2024,2,Friday,기타축종,2,1,50.0
2024,2,Monday,개,1125,304,27.02
2024,2,Monday,고양이,95,26,27.37
2024,2,Monday,기타,7,2,28.57
2024,2,Monday,기타축종,30,27,90.0
2024,2,Saturday,개,449,106,23.61
2024,2,Saturday,고양이,48,18,37.5
2024,2,Saturday,기타,5,2,40.0
2024,2,Saturday,기타축종,5,0,0.0
2024,2,Sunday,개,398,104,26.13
2024,2,Sunday,고양이,34,11,32.35
2024,2,Sunday,기타,6,4,66.67
2024,2,Thursday,개,1225,325,26.53
2024,2,Thursday,고양이,123,46,37.4
2024,2,Thursday,기타,19,4,21.05
2024,2,Thursday,기타축종,11,7,63.64
2024,2,Tuesday,개,1346,386,28.68
2024,2,Tuesday,고양이,110,41,37.27
2024,2,Tuesday,기타,9,6,66.67
2024,2,Tuesday,기타축종,17,8,47.06
2024,2,Wednesday,개,1079,265,24.56
2024,2,Wednesday,고양이,96,42,43.75
2024,2,Wednesday,기타,9,2,22.22
2024,2,Wednesday,기타축종,13,7,53.85
2024,3,Friday,개,1239,308,24.86
2024,3,Friday,고양이,158,64,40.51
2024,3,Friday,기타,9,3,33.33
2024,3,Friday,기타축종,12,4,33.33
2024,3,Monday,개,1227,311,25.35
2024,3,Monday,고양이,152,64,42.11
2024,3,Monday,기타,7,4,57.14
2024,3,Monday,기타축종,13,10,76.92
2024,3,Saturday,개,580,136,23.45
2024,3,Saturday,고양이,98,31,31.63
2024,3,Saturday,기타,4,1,25.0
2024,3,Saturday,기타축종,8,2,25.0
2024,3,Sunday,개,483,129,26.71
2024,3,Sunday,고양이,49,11,22.45
2024,3,Sunday,기타,5,4,80.0
2024,3,Sunday,기타축종,7,2,28.57
2024,3,Thursday,개,969,243,25.08
2024,3,Thursday,고양이,131,50,38.17
2024,3,Thursday,기타,8,3,37.5
2024,3,Thursday,기타축종,10,5,50.0
2024,3,Tuesday,개,1149,304,26.46
2024,3,Tuesday,고양이,146,68,46.58
2024,3,Tuesday,기타,7,3,42.86
2024,3,Tuesday,기타축종,16,13,81.25
2024,3,Wednesday,개,1231,284,23.07
2024,3,Wednesday,고양이,128,44,34.38
2024,3,Wednesday,기타,14,5,35.71
2024,3,Wednesday,기타축종,15,7,46.67
2024,4,Friday,개,972,291,29.94
2024,4,Friday,고양이,315,97,30.79
2024,4,Friday,기타,7,3,42.86
2024,4,Friday,기타축종,25,11,44.0
2024,4,Monday,개,1582,394,24.91
2024,4,Monday,고양이,523,176,33.65
2024,4,Monday,기타,10,6,60.0
2024,4,Monday,기타축종,35,20,57.14
2024,4,Saturday,개,451,138,30.6
2024,4,Saturday,고양이,208,77,37.02
2024,4,Saturday,기타,3,2,66.67
2024,4,Saturday,기타축종,9,0,0.0
2024,4,Sunday,개,368,118,32.07
2024,4,Sunday,고양이,119,35,29.41
2024,4,Sunday,기타,6,2,33.33
2024,4,Sunday,기타축종,8,6,75.0
2024,4,Thursday,개,1064,253,23.78
2024,4,Thursday,고양이,338,107,31.66
2024,4,Thursday,기타,12,6,50.0
2024,4,Thursday,기타축종,19,9,47.37
2024,4,Tuesday,개,1332,322,24.17
2024,4,Tuesday,고양이,469,156,33.26
2024,4,Tuesday,기타,18,9,50.0
2024,4,Tuesday,기타축종,35,21,60.0
2024,4,Wednesday,개,861,214,24.85
2024,4,Wednesday,고양이,245,84,34.29
2024,4,Wednesday,기타,6,1,16.67
2024,4,Wednesday,기타축종,14,5,35.71
2024,5,Friday,개,1185,279,23.54
2024,5,Friday,고양이,757,247,32.63
2024,5,Friday,기타,12,4,33.33
2024,5,Friday,기타축종,19,7,36.84
2024,5,Monday,개,938,272,29.0
2024,5,Monday,고양이,688,249,36.19
2024,5,Monday,기타,16,9,56.25
2024,5,Monday,기타축종,19,8,42.11
2024,5,Saturday,개,346,97,28.03
2024,5,Saturday,고양이,325,91,28.0
2024,5,Saturday,기타,5,1,20.0
2024,5,Saturday,기타축종,11,8,72.73
2024,5,Sunday,개,364,90,24.73
2024,5,Sunday,고양이,156,42,26.92
2024,5,Sunday,기타축종,8,5,62.5
2024,5,Thursday,개,1358,332,24.45
2024,5,Thursday,고양이,731,260,35.57
2024,5,Thursday,기타,13,7,53.85
2024,5,Thursday,기타축종,23,14,60.87
2024,5,Tuesday,개,1021,261,25.56
2024,5,Tuesday,고양이,650,187,28.77
2024,5,Tuesday,기타,9,6,66.67
2024,5,Tuesday,기타축종,30,20,66.67
2024,5,Wednesday,개,1047,292,27.89
2024,5,Wednesday,고양이,682,160,23.46
2024,5,Wednesday,기타,7,4,57.14
2024,5,Wednesday,기타축종,20,11,55.0
2024,6,Friday,개,838,208,24.82
2024,6,Friday,고양이,536,160,29.85
2024,6,Friday,기타,25,14,56.0
2024,6,Friday,기타축종,26,11,42.31
2024,6,Monday,개,1175,290,24.68
2024,6,Monday,고양이,784,239,30.48
2024,6,Monday,기타,13,5,38.46
2024,6,Monday,기타축종,22,8,36.36
2024,6,Saturday,개,471,124,26.33
2024,6,Saturday,고양이,408,101,24.75
2024,6,Saturday,기타,14,9,64.29
2024,6,Saturday,기타축종,19,10,52.63
2024,6,Sunday,개,340,73,21.47
2024,6,Sunday,고양이,182,33,18.13
2024,6,Sunday,기타,5,0,0.0
2024,6,Sunday,기타축종,4,3,75.0
2024,6,Thursday,개,682,169,24.78
2024,6,Thursday,고양이,535,136,25.42
2024,6,Thursday,기타,9,6,66.67
2024,6,Thursday,기타축종,24,13,54.17
2024,6,Tuesday,개,939,241,25.67
2024,6,Tuesday,고양이,542,131,24.17
2024,6,Tuesday,기타,12,5,41.67
2024,6,Tuesday,기타축종,22,12,54.55
2024,6,Wednesday,개,888,193,21.73
2024,6,Wednesday,고양이,608,171,28.12
2024,6,Wednesday,기타,12,7,58.33
2024,6,Wednesday,기타축종,32,7,21.88
2024,7,Friday,개,931,268,28.79
2024,7,Friday,고양이,545,124,22.75
2024,7,Friday,기타,9,5,55.56
2024,7,Friday,기타축종,23,8,34.78
2024,7,Monday,개,1576,393,24.94
2024,7,Monday,고양이,789,226,28.64
2024,7,Monday,기타,15,3,20.0
2024,7,Monday,기타축종,43,22,51.16
2024,7,Saturday,개,462,116,25.11
2024,7,Saturday,고양이,220,50,22.73
2024,7,Saturday,기타,4,1,25.0
2024,7,Saturday,기타축종,7,3,42.86
2024,7,Sunday,개,310,88,28.39
2024,7,Sunday,고양이,142,25,17.61
2024,7,Sunday,기타,3,0,0.0
2024,7,Sunday,기타축종,13,4,30.77
2024,7,Thursday,개,981,307,31.29
2024,7,Thursday,고양이,586,131,22.35
2024,7,Thursday,기타,14,8,57.14
2024,7,Thursday,기타축종,15,8,53.33
2024,7,Tuesday,개,1218,293,24.06
2024,7,Tuesday,고양이,620,178,28.71
2024,7,Tuesday,기타,7,4,57.14
2024,7,Tuesday,기타축종,21,11,52.38
2024,7,Wednesday,개,1174,286,24.36
2024,7,Wednesday,고양이,640,157,24.53
2024,7,Wednesday,기타,10,2,20.0
2024,7,Wednesday,기타축종,26,9,34.62
2024,8,Friday,개,1142,280,24.52
2024,8,Friday,고양이,426,135,31.69
2024,8,Friday,기타,15,4,26.67
2024,8,Friday,기타축종,30,13,43.33
2024,8,Monday,개,1339,322,24.05
2024,8,Monday,고양이,428,116,27.1
2024,8,Monday,기타,6,2,33.33
2024,8,Monday,기타축종,25,6,24.0
2024,8,Saturday,개,458,117,25.55
2024,8,Saturday,고양이,252,76,30.16
2024,8,Saturday,기타,14,5,35.71
2024,8,Saturday,기타축종,21,11,52.38
2024,8,Sunday,개,295,78,26.44
2024,8,Sunday,고양이,100,17,17.0
2024,8,Sunday,기타,3,2,66.67
2024,8,Sunday,기타축종,5,4,80.0
2024,8,Thursday,개,973,257,26.41
2024,8,Thursday,고양이,413,112,27.12
2024,8,Thursday,기타,8,4,50.0
2024,8,Thursday,기타축종,23,14,60.87
2024,8,Tuesday,개,991,260,26.24
2024,8,Tuesday,고양이,380,103,27.11
2024,8,Tuesday,기타,14,8,57.14
2024,8,Tuesday,기타축종,18,6,33.33
2024,8,Wednesday,개,878,227,25.85
2024,8,Wednesday,고양이,306,79,25.82
2024,8,Wednesday,기타,15,6,40.0
2024,8,Wednesday,기타축종,22,14,63.64
2024,9,Friday,개,906,259,28.59
2024,9,Friday,고양이,416,112,26.92
2024,9,Friday,기타,17,10,58.82
2024,9,Friday,기타축종,22,11,50.0
2024,9,Monday,개,1241,336,27.07
2024,9,Monday,고양이,563,190,33.75
2024,9,Monday,기타,10,7,70.0
2024,9,Monday,기타축종,36,26,72.22
2024,9,Saturday,개,474,124,26.16
2024,9,Saturday,고양이,241,79,32.78
2024,9,Saturday,기타,4,1,25.0
2024,9,Saturday,기타축종,5,4,80.0
2024,9,Sunday,개,406,98,24.14
2024,9,Sunday,고양이,177,55,31.07
2024,9,Sunday,기타,9,0,0.0
2024,9,Sunday,기타축종,10,2,20.0
2024,9,Thursday,개,1024,285,27.83
2024,9,Thursday,고양이,442,121,27.38
2024,9,Thursday,기타,10,7,70.0
2024,9,Thursday,기타축종,19,9,47.37
2024,9,Tuesday,개,836,227,27.15
2024,9,Tuesday,고양이,354,111,31.36
2024,9,Tuesday,기타,25,16,64.0
2024,9,Tuesday,기타축종,14,8,57.14
2024,9,Wednesday,개,743,185,24.9
2024,9,Wednesday,고양이,330,93,28.18
2024,9,Wednesday,기타,14,10,71.43
2024,9,Wednesday,기타축종,16,6,37.5
2024,10,Friday,개,924,263,28.46
2024,10,Friday,고양이,479,133,27.77
2024,10,Friday,기타,18,8,44.44
2024,10,Friday,기타축종,9,4,44.44
2024,10,Monday,개,1180,310,26.27
2024,10,Monday,고양이,554,129,23.29
2024,10,Monday,기타,9,6,66.67
2024,10,Monday,기타축종,26,12,46.15
2024,10,Saturday,개,386,104,26.94
2024,10,Saturday,고양이,267,73,27.34
2024,10,Saturday,기타,7,7,100.0
2024,10,Saturday,기타축종,29,24,82.76
2024,10,Sunday,개,377,83,22.02
2024,10,Sunday,고양이,138,37,26.81
2024,10,Sunday,기타,8,3,37.5
2024,10,Sunday,기타축종,49,47,95.92
2024,10,Thursday,개,1171,314,26.81
2024,10,Thursday,고양이,582,151,25.95
2024,10,Thursday,기타,10,5,50.0
2024,10,Thursday,기타축종,112,51,45.54
2024,10,Tuesday,개,1036,270,26.06
2024,10,Tuesday,고양이,582,177,30.41
2024,10,Tuesday,기타,9,5,55.56
2024,10,Tuesday,기타축종,56,42,75.0
2024,10,Wednesday,개,1064,261,24.53
2024,10,Wednesday,고양이,518,146,28.19
2024,10,Wednesday,기타,9,1,11.11
2024,10,Wednesday,기타축종,58,52,89.66
2024,11,Friday,개,1050,274,26.1
2024,11,Friday,고양이,359,150,41.78
2024,11,Friday,기타,8,3,37.5
2024,11,Friday,기타축종,35,21,60.0
2024,11,Monday,개,1227,350,28.52
2024,11,Monday,고양이,396,135,34.09
2024,11,Monday,기타,17,10,58.82
2024,11,Monday,기타축종,31,20,64.52
2024,11,Saturday,개,471,144,30.57
2024,11,Saturday,고양이,210,78,37.14
2024,11,Saturday,기타,6,2,33.33
2024,11,Saturday,기타축종,11,4,36.36
2024,11,Sunday,개,301,80,26.58
2024,11,Sunday,고양이,76,21,27.63
2024,11,Sunday,기타,7,2,28.57
2024,11,Sunday,기타축종,1,1,100.0
2024,11,Thursday,개,773,207,26.78
2024,11,Thursday,고양이,250,86,34.4
2024,11,Thursday,기타,6,3,50.0
2024,11,Thursday,기타축종,21,12,57.14
2024,11,Tuesday,개,890,212,23.82
2024,11,Tuesday,고양이,290,122,42.07
2024,11,Tuesday,기타,13,10,76.92
2024,11,Tuesday,기타축종,18,6,33.33
2024,11,Wednesday,개,917,251,27.37
2024,11,Wednesday,고양이,210,87,41.43
2024,11,Wednesday,기타,13,7,53.85
2024,11,Wednesday,기타축종,7,5,71.43
2024,12,Friday,개,956,243,25.42
2024,12,Friday,고양이,152,51,33.55
2024,12,Friday,기타,11,4,36.36
2024,12,Friday,기타축종,21,17,80.95
2024,12,Monday,개,1352,355,26.26
2024,12,Monday,고양이,275,125,45.45
2024,12,Monday,기타,19,8,42.11
2024,12,Monday,기타축종,34,29,85.29
2024,12,Saturday,개,323,62,19.2
2024,12,Saturday,고양이,90,29,32.22
2024,12,Saturday,기타,7,2,28.57
2024,12,Saturday,기타축종,5,2,40.0
2024,12,Sunday,개,286,84,29.37
2024,12,Sunday,고양이,73,25,34.25
2024,12,Sunday,기타,4,2,50.0
2024,12,Sunday,기타축종,4,2,50.0
2024,12,Thursday,개,823,217,26.37
2024,12,Thursday,고양이,136,52,38.24
2024,12,Thursday,기타,9,3,33.33
2024,12,Thursday,기타축종,14,10,71.43
2024,12,Tuesday,개,1119,307,27.44
2024,12,Tuesday,고양이,173,63,36.42
2024,12,Tuesday,기타,7,4,57.14
2024,12,Tuesday,기타축종,22,13,59.09
2024,12,Wednesday,개,717,171,23.85
2024,12,Wednesday,고양이,148,50,33.78
2024,12,Wednesday,기타,14,7,50.0
2024,12,Wednesday,기타축종,11,7,63.64
2025,1,Friday,개,1076,291,27.04
2025,1,Friday,고양이,122,43,35.25
2025,1,Friday,기타,17,10,58.82
2025,1,Friday,기타축종,14,6,42.86
2025,1,Monday,개,894,296,33.11
2025,1,Monday,고양이,102,50,49.02
2025,1,Monday,기타,12,4,33.33
2025,1,Monday,기타축종,13,2,15.38
2025,1,Saturday,개,312,103,33.01
2025,1,Saturday,고양이,47,19,40.43
2025,1,Saturday,기타,6,2,33.33
2025,1,Saturday,기타축종,3,1,33.33
2025,1,Sunday,개,238,64,26.89
2025,1,Sunday,고양이,38,12,31.58
2025,1,Sunday,기타,9,3,33.33
2025,1,Sunday,기타축종,4,3,75.0
2025,1,Thursday,개,878,242,27.56
2025,1,Thursday,고양이,141,51,36.17
2025,1,Thursday,기타,10,5,50.0
2025,1,Thursday,기타축종,8,5,62.5
2025,1,Tuesday,개,778,198,25.45
2025,1,Tuesday,고양이,83,20,24.1
2025,1,Tuesday,기타,5,2,40.0
2025,1,Tuesday,기타축종,21,12,57.14
2025,1,Wednesday,개,747,186,24.9
2025,1,Wednesday,고양이,128,66,51.56
2025,1,Wednesday,기타,10,5,50.0
2025,1,Wednesday,기타축종,17,12,70.59
2025,2,Friday,개,769,207,26.92
2025,2,Friday,고양이,101,31,30.69
2025,2,Friday,기타,13,6,46.15
2025,2,Friday,기타축종,8,4,50.0
2025,2,Monday,개,1065,289,27.14
2025,2,Monday,고양이,128,40,31.25
2025,2,Monday,기타,9,3,33.33
2025,2,Monday,기타축종,15,8,53.33
2025,2,Saturday,개,407,118,28.99
2025,2,Saturday,고양이,65,22,33.85
2025,2,Saturday,기타,4,1,25.0
2025,2,Saturday,기타축종,7,7,100.0
2025,2,Sunday,개,258,82,31.78
2025,2,Sunday,고양이,16,2,12.5
2025,2,Sunday,기타,2,1,50.0
2025,2,Sunday,기타축종,1,1,100.0
2025,2,Thursday,개,742,202,27.22
2025,2,Thursday,고양이,111,42,37.84
2025,2,Thursday,기타,4,0,0.0
2025,2,Thursday,기타축종,6,2,33.33
2025,2,Tuesday,개,1025,285,27.8
2025,2,Tuesday,고양이,86,31,36.05
2025,2,Tuesday,기타,3,1,33.33
2025,2,Tuesday,기타축종,10,7,70.0
2025,2,Wednesday,개,974,298,30.6
2025,2,Wednesday,고양이,111,36,32.43
2025,2,Wednesday,기타,6,3,50.0
2025,2,Wednesday,기타축종,11,9,81.82
2025,3,Friday,개,925,296,32.0
2025,3,Friday,고양이,169,62,36.69
2025,3,Friday,기타,8,5,62.5
2025,3,Friday,기타축종,9,7,77.78
2025,3,Monday,개,1163,338,29.06
2025,3,Monday,고양이,205,74,36.1
2025,3,Monday,기타,4,2,50.0
2025,3,Monday,기타축종,18,10,55.56
2025,3,Saturday,개,463,105,22.68
2025,3,Saturday,고양이,69,30,43.48
2025,3,Saturday,기타,3,1,33.33
2025,3,Saturday,기타축종,16,11,68.75
2025,3,Sunday,개,430,113,26.28
2025,3,Sunday,고양이,62,17,27.42
2025,3,Sunday,기타,6,1,16.67
2025,3,Sunday,기타축종,1,0,0.0
2025,3,Thursday,개,1021,296,28.99
2025,3,Thursday,고양이,119,40,33.61
2025,3,Thursday,기타,8,1,12.5
2025,3,Thursday,기타축종,21,14,66.67
2025,3,Tuesday,개,990,299,30.2
2025,3,Tuesday,고양이,164,67,40.85
2025,3,Tuesday,기타,8,7,87.5
2025,3,Tuesday,기타축종,14,6,42.86
2025,3,Wednesday,개,986,271,27.48
2025,3,Wednesday,고양이,115,43,37.39
2025,3,Wednesday,기타,10,6,60.0
2025,3,Wednesday,기타축종,23,20,86.96
2025,4,Friday,개,925,255,27.57
2025,4,Friday,고양이,301,101,33.55
2025,4,Friday,기타,7,2,28.57
2025,4,Friday,기타축종,21,6,28.57
2025,4,Monday,개,1042,310,29.75
2025,4,Monday,고양이,369,120,32.52
2025,4,Monday,기타,21,15,71.43
2025,4,Monday,기타축종,20,10,50.0
2025,4,Saturday,개,477,151,31.66
2025,4,Saturday,고양이,169,66,39.05
2025,4,Saturday,기타,10,3,30.0
2025,4,Saturday,기타축종,9,3,33.33
2025,4,Sunday,개,318,65,20.44
2025,4,Sunday,고양이,90,29,32.22
2025,4,Sunday,기타,4,4,100.0
2025,4,Sunday,기타축종,17,9,52.94
2025,4,Thursday,개,986,291,29.51
2025,4,Thursday,고양이,294,115,39.12
2025,4,Thursday,기타,7,3,42.86
2025,4,Thursday,기타축종,31,20,64.52
2025,4,Tuesday,개,1075,347,32.28
2025,4,Tuesday,고양이,379,157,41.42
2025,4,Tuesday,기타,8,3,37.5
2025,4,Tuesday,기타축종,25,16,64.0
2025,4,Wednesday,개,1086,307,28.27
2025,4,Wednesday,고양이,356,134,37.64
2025,4,Wednesday,기타,13,9,69.23
2025,4,Wednesday,기타축종,23,17,73.91
2025,5,Friday,개,976,252,25.82
2025,5,Friday,고양이,693,215,31.02
2025,5,Friday,기타,11,6,54.55
2025,5,Friday,기타축종,29,18,62.07
2025,5,Monday,개,796,250,31.41
2025,5,Monday,고양이,651,213,32.72
2025,5,Monday,기타,17,8,47.06
2025,5,Monday,기타축종,7,4,57.14
2025,5,Saturday,개,465,120,25.81
2025,5,Saturday,고양이,354,126,35.59
2025,5,Saturday,기타,4,2,50.0
2025,5,Saturday,기타축종,15,10,66.67
2025,5,Sunday,개,281,85,30.25
2025,5,Sunday,고양이,184,44,23.91
2025,5,Sunday,기타,8,4,50.0
2025,5,Sunday,기타축종,8,5,62.5
2025,5,Thursday,개,1028,298,28.99
2025,5,Thursday,고양이,830,267,32.17
2025,5,Thursday,기타,7,3,42.86
2025,5,Thursday,기타축종,20,7,35.0
2025,5,Tuesday,개,744,206,27.69
2025,5,Tuesday,고양이,481,144,29.94
2025,5,Tuesday,기타,10,4,40.0
2025,5,Tuesday,기타축종,16,8,50.0
2025,5,Wednesday,개,942,303,32.17
2025,5,Wednesday,고양이,630,209,33.17
2025,5,Wednesday,기타,8,2,25.0
2025,5,Wednesday,기타축종,22,17,77.27
2025,6,Friday,개,673,189,28.08
2025,6,Friday,고양이,520,178,34.23
2025,6,Friday,기타,7,2,28.57
2025,6,Friday,기타축종,15,8,53.33
2025,6,Monday,개,1217,390,32.05
2025,6,Monday,고양이,891,279,31.31
2025,6,Monday,기타,12,6,50.0
2025,6,Monday,기타축종,31,18,58.06
2025,6,Saturday,개,360,109,30.28
2025,6,Saturday,고양이,344,110,31.98
2025,6,Saturday,기타,6,2,33.33
2025,6,Saturday,기타축종,12,7,58.33
2025,6,Sunday,개,325,81,24.92
2025,6,Sunday,고양이,295,71,24.07
2025,6,Sunday,기타,3,1,33.33
2025,6,Sunday,기타축종,6,4,66.67
2025,6,Thursday,개,824,230,27.91
2025,6,Thursday,고양이,636,183,28.77
2025,6,Thursday,기타,13,8,61.54
2025,6,Thursday,기타축종,16,12,75.0
2025,6,Tuesday,개,680,199,29.26
2025,6,Tuesday,고양이,576,179,31.08
2025,6,Tuesday,기타,10,7,70.0
2025,6,Tuesday,기타축종,16,7,43.75
2025,6,Wednesday,개,882,279,31.63
2025,6,Wednesday,고양이,681,209,30.69
2025,6,Wednesday,기타,6,2,33.33
2025,6,Wednesday,기타축종,28,17,60.71
2025,7,Friday,개,831,227,27.32
2025,7,Friday,고양이,450,128,28.44
2025,7,Friday,기타,7,5,71.43
2025,7,Friday,기타축종,13,8,61.54
2025,7,Monday,개,863,261,30.24
2025,7,Monday,고양이,525,147,28.0
2025,7,Monday,기타,16,9,56.25
2025,7,Monday,기타축종,25,17,68.0
2025,7,Saturday,개,392,99,25.26
2025,7,Saturday,고양이,246,63,25.61
2025,7,Saturday,기타,2,0,0.0
2025,7,Saturday,기타축종,16,4,25.0
2025,7,Sunday,개,308,76,24.68
2025,7,Sunday,고양이,159,30,18.87
2025,7,Sunday,기타,1,1,100.0
2025,7,Sunday,기타축종,4,2,50.0
2025,7,Thursday,개,884,252,28.51
2025,7,Thursday,고양이,444,110,24.77
2025,7,Thursday,기타,10,5,50.0
2025,7,Thursday,기타축종,23,11,47.83
2025,7,Tuesday,개,979,282,28.8
2025,7,Tuesday,고양이,562,139,24.73
2025,7,Tuesday,기타,7,3,42.86
2025,7,Tuesday,기타축종,29,19,65.52
2025,7,Wednesday,개,1011,291,28.78
2025,7,Wednesday,고양이,483,131,27.12
2025,7,Wednesday,기타,8,8,100.0
2025,7,Wednesday,기타축종,29,6,20.69
2025,8,Friday,개,756,180,23.81
2025,8,Friday,고양이,414,163,39.37
2025,8,Friday,기타,15,6,40.0
2025,8,Friday,기타축종,19,5,26.32
2025,8,Monday,개,863,260,30.13
2025,8,Monday,고양이,419,126,30.07
2025,8,Monday,기타,11,4,36.36
2025,8,Monday,기타축종,28,11,39.29
2025,8,Saturday,개,387,95,24.55
2025,8,Saturday,고양이,227,73,32.16
2025,8,Saturday,기타,4,2,50.0
2025,8,Saturday,기타축종,7,4,57.14
2025,8,Sunday,개,325,92,28.31
2025,8,Sunday,고양이,154,47,30.52
2025,8,Sunday,기타,7,4,57.14
2025,8,Sunday,기타축종,5,3,60.0
2025,8,Thursday,개,758,218,28.76
2025,8,Thursday,고양이,295,79,26.78
2025,8,Thursday,기타,8,1,12.5
2025,8,Thursday,기타축종,25,11,44.0
2025,8,Tuesday,개,776,186,23.97
2025,8,Tuesday,고양이,403,120,29.78
2025,8,Tuesday,기타,14,5,35.71
2025,8,Tuesday,기타축종,19,10,52.63
2025,8,Wednesday,개,758,234,30.87
2025,8,Wednesday,고양이,388,117,30.15
2025,8,Wednesday,기타,8,2,25.0
2025,8,Wednesday,기타축종,22,16,72.73
2025,9,Friday,개,651,176,27.04
2025,9,Friday,고양이,402,116,28.86
2025,9,Friday,기타,14,9,64.29
2025,9,Friday,기타축종,12,11,91.67
2025,9,Monday,개,1245,362,29.08
2025,9,Monday,고양이,702,209,29.77
2025,9,Monday,기타,33,17,51.52
2025,9,Monday,기타축종,24,13,54.17
2025,9,Saturday,개,328,80,24.39
2025,9,Saturday,고양이,165,54,32.73
2025,9,Saturday,기타,3,0,0.0
2025,9,Saturday,기타축종,6,1,16.67
2025,9,Sunday,개,226,45,19.91
2025,9,Sunday,고양이,120,25,20.83
2025,9,Sunday,기타,3,1,33.33
2025,9,Sunday,기타축종,6,3,50.0
2025,9,Thursday,개,704,237,33.66
2025,9,Thursday,고양이,436,134,30.73
2025,9,Thursday,기타,19,9,47.37
2025,9,Thursday,기타축종,23,15,65.22
2025,9,Tuesday,개,1173,336,28.64
2025,9,Tuesday,고양이,553,193,34.9
2025,9,Tuesday,기타,29,8,27.59
2025,9,Tuesday,기타축종,28,14,50.0
2025,9,Wednesday,개,791,219,27.69
2025,9,Wednesday,고양이,407,112,27.52
2025,9,Wednesday,기타,10,4,40.0
2025,9,Wednesday,기타축종,10,7,70.0
2025,10,Friday,개,831,246,29.6
2025,10,Friday,고양이,476,148,31.09
2025,10,Friday,기타,11,4,36.36
2025,10,Friday,기타축종,33,19,57.58
2025,10,Monday,개,765,231,30.2
2025,10,Monday,고양이,425,124,29.18
2025,10,Monday,기타,17,10,58.82
2025,10,Monday,기타축종,12,6,50.0
2025,10,Saturday,개,366,101,27.6
2025,10,Saturday,고양이,223,61,27.35
2025,10,Saturday,기타,2,0,0.0
2025,10,Saturday,기타축종,7,3,42.86
2025,10,Sunday,개,239,53,22.18
2025,10,Sunday,고양이,163,58,35.58
2025,10,Sunday,기타,4,2,50.0
2025,10,Sunday,기타축종,3,2,66.67
2025,10,Thursday,개,805,269,33.42
2025,10,Thursday,고양이,488,155,31.76
2025,10,Thursday,기타,4,0,0.0
2025,10,Thursday,기타축종,17,9,52.94
2025,10,Tuesday,개,675,194,28.74
2025,10,Tuesday,고양이,377,128,33.95
2025,10,Tuesday,기타,8,4,50.0
2025,10,Tuesday,기타축종,19,19,100.0
2025,10,Wednesday,개,735,221,30.07
2025,10,Wednesday,고양이,467,142,30.41
2025,10,Wednesday,기타,12,3,25.0
2025,10,Wednesday,기타축종,17,12,70.59
2025,11,Friday,개,560,177,31.61
2025,11,Friday,고양이,222,80,36.04
2025,11,Friday,기타,11,5,45.45
2025,11,Friday,기타축종,11,9,81.82
2025,11,Monday,개,824,270,32.77
2025,11,Monday,고양이,287,101,35.19
2025,11,Monday,기타,8,4,50.0
2025,11,Monday,기타축종,21,12,57.14
2025,11,Saturday,개,366,103,28.14
2025,11,Saturday,고양이,164,59,35.98
2025,11,Saturday,기타,3,1,33.33
2025,11,Saturday,기타축종,10,7,70.0
2025,11,Sunday,개,260,75,28.85
2025,11,Sunday,고양이,100,30,30.0
2025,11,Sunday,기타,4,0,0.0
2025,11,Sunday,기타축종,8,5,62.5
2025,11,Thursday,개,555,163,29.37
2025,11,Thursday,고양이,258,101,39.15
2025,11,Thursday,기타,6,1,16.67
2025,11,Thursday,기타축종,22,10,45.45
2025,11,Tuesday,개,680,245,36.03
2025,11,Tuesday,고양이,258,95,36.82
2025,11,Tuesday,기타,8,3,37.5
2025,11,Tuesday,기타축종,15,9,60.0
2025,11,Wednesday,개,609,175,28.74
2025,11,Wednesday,고양이,239,81,33.89
2025,11,Wednesday,기타,4,2,50.0
2025,11,Wednesday,기타축종,18,4,22.22
2025,12,Friday,개,463,163,35.21
2025,12,Friday,고양이,126,60,47.62
2025,12,Friday,기타,6,2,33.33
2025,12,Friday,기타축종,10,7,70.0
2025,12,Monday,개,670,226,33.73
2025,12,Monday,고양이,184,77,41.85
2025,12,Monday,기타,7,4,57.14
2025,12,Monday,기타축종,18,13,72.22
2025,12,Saturday,개,216,71,32.87
2025,12,Saturday,고양이,85,35,41.18
2025,12,Saturday,기타,3,1,33.33
2025,12,Saturday,기타축종,7,2,28.57
2025,12,Sunday,개,154,51,33.12
2025,12,Sunday,고양이,27,6,22.22
2025,12,Sunday,기타,2,1,50.0
2025,12,Sunday,기타축종,2,2,100.0
2025,12,Thursday,개,409,145,35.45
2025,12,Thursday,고양이,116,38,32.76
2025,12,Thursday,기타,8,2,25.0
2025,12,Thursday,기타축종,10,5,50.0
2025,12,Tuesday,개,605,202,33.39
2025,12,Tuesday,고양이,169,79,46.75
2025,12,Tuesday,기타,8,5,62.5
2025,12,Tuesday,기타축종,21,14,66.67
2025,12,Wednesday,개,571,186,32.57
2025,12,Wednesday,고양이,157,46,29.3
2025,12,Wednesday,기타,6,3,50.0
2025,12,Wednesday,기타축종,7,3,42.86
